StudentID,Gender,StudyTimeWeekly,Absences,Tutoring,Extracurricular,Sports,GPA,GradeClass
1001,1,19.83372281,7,1,0,0,2.929195592,2
1002,0,15.40875606,0,0,0,0,3.042914833,1
1003,0,4.210569769,26,0,0,0,0.112602254,4
1004,1,10.02882947,14,0,1,0,2.05421814,3
1005,1,4.672495273,17,1,0,0,1.288061182,4
1006,0,8.191218545,0,0,1,0,3.084183614,1
1007,0,15.60168047,10,0,0,1,2.748237415,2
1008,1,15.42449631,22,1,1,0,1.360142712,4
1009,0,4.562007558,1,0,0,1,2.89681919,2
1010,1,18.44446636,0,0,1,0,3.57347421,0
1011,0,11.85136366,11,0,0,0,2.147171625,3
1012,0,7.598485819,15,0,0,0,1.559594519,4
1013,0,10.03871162,21,0,1,0,1.520077815,4
1014,0,12.10142507,21,0,0,1,1.751580958,4
1015,1,11.19781064,9,1,0,0,2.396788117,3
1016,0,9.728100711,17,1,0,1,1.341520717,4
1017,0,10.09865608,14,0,1,1,2.232175278,3
1018,1,3.528238209,16,1,0,0,1.384404176,4
1019,0,16.25465809,29,0,1,0,0.469553323,4
1020,0,10.8352064,9,0,0,0,2.395784095,3
1021,1,2.621597234,2,0,0,0,2.7784113,2
1022,0,15.32314203,25,0,1,0,0.346894037,4
1023,1,18.64887957,29,1,0,0,0.312546231,4
1024,1,18.94613798,20,0,1,0,1.770131877,4
1025,1,7.380354648,15,0,0,0,1.505155622,4
1026,1,2.710337471,5,0,0,0,2.977851918,2
1027,0,10.36799253,2,0,0,1,2.948717672,2
1028,1,2.252184587,8,0,0,0,2.14520472,3
1029,0,18.67974837,10,0,1,0,2.854803929,2
1030,0,3.671592547,20,0,1,0,1.519441726,4
1031,0,5.055317199,12,1,0,1,1.72712031,4
1032,0,8.132730538,17,0,0,0,1.847535471,4
1033,0,7.663289371,25,0,0,1,0.384616973,4
1034,0,15.89325785,21,0,1,1,0.949406098,4
1035,0,9.126336411,27,1,1,1,1.140959418,4
1036,0,3.4153652,23,0,0,0,0.26147226,4
1037,0,5.34419791,26,1,0,0,0.218284857,4
1038,0,10.1822677,21,1,0,1,1.067763551,4
1039,1,2.949078349,3,1,1,1,3.018905858,1
1040,1,12.23311351,21,1,1,1,1.526867832,4
1041,1,11.31494613,23,1,0,0,1.0582874,4
1042,0,14.29404633,7,0,0,0,2.625128098,2
1043,1,18.75409231,12,1,0,0,2.808754822,2
1044,1,18.24509122,9,0,0,1,2.888891669,2
1045,1,18.92151236,1,1,1,1,4,0
1046,0,4.89431194,7,0,0,0,2.515300272,2
1047,0,2.631306133,5,0,1,0,2.56376543,2
1048,0,6.04553401,15,0,0,0,1.703611803,4
1049,0,17.90170346,17,0,0,0,2.099885157,3
1050,1,19.44106949,16,0,1,0,2.461046963,3
1051,1,17.18649902,5,0,0,0,2.935477192,2
1052,1,2.200354423,12,1,1,0,1.986378059,4
1053,1,18.94855996,22,0,0,0,1.571544191,4
1054,0,8.467160547,13,0,0,1,1.66431069,4
1055,0,0.186205815,29,1,1,1,0.756259167,4
1056,0,8.847874815,25,0,0,1,0.802769539,4
1057,1,0.921383394,20,0,0,1,1.342387178,4
1058,0,10.87755842,29,0,1,0,0.286571288,4
1059,0,6.771080549,9,1,0,1,2.613838694,2
1060,1,9.468698672,23,0,0,1,0.929012555,4
1061,1,12.26340721,10,0,1,0,1.892758696,4
1062,0,17.37602192,12,0,0,0,2.331261549,3
1063,0,13.23803153,11,0,0,1,2.234238473,3
1064,0,8.68097737,8,0,0,1,2.385828219,3
1065,0,16.38855707,3,1,0,0,3.347356744,1
1066,0,18.11164275,6,1,1,0,3.261855307,1
1067,0,2.395199329,23,0,0,1,1.039623879,4
1068,1,10.63865955,28,0,0,1,0.027818625,4
1069,1,5.690239195,21,1,0,0,1.329964538,4
1070,1,0.941223958,1,0,0,0,3.283916522,1
1071,0,13.3709339,6,0,1,0,2.937454182,2
1072,1,17.25541555,28,0,0,0,0.738868203,4
1073,0,3.25805309,8,0,1,1,2.556801663,2
1074,0,16.24827315,4,1,0,0,3.300928569,1
1075,1,17.06791467,14,0,1,0,2.200682947,3
1076,0,18.28680885,17,0,0,1,1.855865573,4
1077,0,5.305701782,3,0,0,0,2.734401494,2
1078,1,18.0790613,18,1,1,1,2.131737297,3
1079,1,6.413255095,19,0,0,0,0.979769911,4
1080,1,11.04676027,25,0,0,1,0.994325024,4
1081,0,1.010149417,6,0,0,1,2.074699977,3
1082,1,0.877621767,25,0,0,0,0.500508036,4
1083,1,14.40746425,7,0,1,1,2.532438418,2
1084,0,8.88959956,16,0,0,1,1.463378036,4
1085,1,5.125847507,12,0,1,1,2.342836773,3
1086,1,3.80826992,23,0,0,0,1.158846334,4
1087,1,13.39906982,20,1,1,0,1.523748745,4
1088,0,0.008030881,27,0,0,0,0,4
1089,0,16.11782338,22,0,1,0,1.058622014,4
1090,0,1.584992123,10,0,0,0,2.229740184,3
1091,0,3.829792298,26,0,0,0,0.194743281,4
1092,1,7.724727906,0,0,1,1,3.506920071,0
1093,0,9.697174794,1,1,0,0,3.552286943,0
1094,0,7.099902316,16,1,0,1,2.238491354,3
1095,1,6.4142433,4,0,1,1,2.708472344,2
1096,1,19.27832024,29,0,0,0,0.732908234,4
1097,1,12.83159362,29,0,0,0,0.965482445,4
1098,0,0.468659107,5,0,0,1,2.55523286,2
1099,0,8.603518169,25,0,1,0,0.7443223,4
1100,0,17.50017399,24,0,0,0,0.722056581,4
1101,1,6.029123728,23,1,1,1,1.27122953,4
1102,1,1.891126895,6,0,1,0,2.526142141,2
1103,0,15.16769543,27,0,1,1,0.942415395,4
1104,1,12.12027664,20,1,0,1,1.515639098,4
1105,1,11.40625016,29,0,1,0,0.648273927,4
1106,1,1.071531192,14,0,0,1,2.048850082,3
1107,0,2.809980196,18,0,1,0,0.842295999,4
1108,1,12.45098792,15,0,0,1,1.464187924,4
1109,1,4.156476829,24,1,1,1,1.487946865,4
1110,0,10.08140159,12,1,0,0,2.587565796,2
1111,0,10.89763372,4,1,0,0,3.220806978,1
1112,1,5.670143805,2,1,0,0,3.545159432,0
1113,1,18.96850311,2,0,0,0,3.089598953,1
1114,0,16.84928214,18,1,0,1,1.91995644,4
1115,0,14.44747015,13,1,0,0,2.198593185,3
1116,1,1.559877328,15,0,0,0,0.878212617,4
1117,1,2.122600386,21,0,1,0,1.340368648,4
1118,1,9.855626917,16,0,0,0,1.819511336,4
1119,1,3.214266984,26,0,0,1,0.619350931,4
1120,0,19.56530927,3,0,1,0,3.61946087,0
1121,1,3.170404681,12,1,1,1,2.174902796,3
1122,1,9.749356709,7,1,0,1,2.974406015,2
1123,0,7.282421137,18,0,0,0,0.980735844,4
1124,1,12.78772843,4,0,0,0,3.101673809,1
1125,0,2.580728178,1,1,1,0,3.498257342,1
1126,1,8.606328561,14,0,1,0,2.590553445,2
1127,1,5.494100656,1,0,1,0,3.535003758,0
1128,0,17.75503049,10,1,0,1,2.819921745,2
1129,0,0.811714243,12,1,1,1,2.016596775,3
1130,1,18.27454988,22,1,0,0,1.371185039,4
1131,1,16.65988277,9,0,0,0,2.104795588,3
1132,1,5.951414329,2,0,0,0,3.030439089,1
1133,0,15.78581309,4,1,0,1,3.582421872,0
1134,1,0.624271207,2,0,1,0,2.426546706,3
1135,0,19.33731101,5,1,1,0,3.16143627,1
1136,0,10.53189885,12,0,1,0,2.12263853,3
1137,1,6.065620521,9,0,0,1,2.204860581,3
1138,0,7.251664252,18,0,1,0,1.1829875,4
1139,1,1.328107069,7,0,1,0,2.738795716,2
1140,1,19.78699028,17,1,0,0,2.237901301,3
1141,1,0.785838903,2,0,1,0,3.139481546,1
1142,1,13.09814246,23,1,1,1,1.046044771,4
1143,1,8.854718554,23,1,0,0,0.816458245,4
1144,0,18.97832436,16,0,1,0,2.033544621,3
1145,0,4.919994806,7,1,1,1,2.432078523,3
1146,1,10.64173648,9,0,1,0,2.65977132,2
1147,1,9.647124172,1,1,1,0,3.58888794,0
1148,0,14.05732888,11,0,0,1,2.314587628,3
1149,0,1.360204639,22,0,1,1,1.00722582,4
1150,0,3.8757826,5,0,1,0,2.881612321,2
1151,0,4.291296402,1,0,0,1,2.804504929,2
1152,1,14.7630151,20,1,0,1,1.762921124,4
1153,1,3.782773927,22,0,1,0,1.119911263,4
1154,0,11.46983528,23,0,0,0,1.030657506,4
1155,1,4.30487641,2,0,1,0,3.075619354,1
1156,0,17.232499,16,1,1,1,2.631434065,2
1157,1,18.84370909,28,0,0,1,0.503066907,4
1158,0,10.3698595,6,0,0,0,2.784237837,2
1159,1,7.046177684,28,0,0,0,0.247626765,4
1160,0,4.6811555,20,0,0,0,1.18954877,4
1161,0,0.99562003,4,1,1,0,3.375994009,1
1162,1,5.370001524,22,1,0,0,1.293573556,4
1163,0,13.0847156,0,1,0,0,3.718586904,0
1164,1,10.67233863,7,0,1,0,2.670559615,2
1165,1,18.88082557,11,1,1,0,2.369648013,3
1166,0,7.92554525,13,0,0,1,1.62448682,4
1167,1,13.87726685,15,1,1,1,2.537476828,2
1168,1,9.78645495,9,0,0,1,2.298417929,3
1169,1,10.25152432,14,0,1,0,2.25980415,3
1170,1,5.355486292,20,0,0,1,1.321343301,4
1171,1,9.099015537,23,0,0,1,0.949974228,4
1172,0,9.41569994,25,0,1,0,0.818786616,4
1173,1,14.13285043,14,1,0,0,2.339224513,3
1174,1,18.81279998,9,0,0,1,2.682776288,2
1175,1,6.58642555,20,1,1,0,1.543837471,4
1176,1,0.844009372,27,0,1,0,0.196901105,4
1177,1,9.92590251,6,0,0,0,2.748610257,2
1178,0,10.88922664,25,1,1,0,1.104893788,4
1179,1,3.368811023,2,0,1,0,2.553439811,2
1180,0,15.20929213,1,0,1,0,3.274233459,1
1181,0,19.69858217,5,1,0,0,3.186060378,1
1182,0,18.91549434,20,0,1,0,1.72211575,4
1183,0,3.942120776,8,0,1,1,2.338046358,3
1184,1,17.5072648,9,1,1,1,3.273998748,1
1185,0,14.08987273,3,0,0,0,2.993502391,2
1186,0,9.076931276,26,1,1,0,0.896397899,4
1187,1,10.81221989,2,0,0,0,2.961055259,2
1188,1,16.9920035,8,0,1,0,2.674351095,2
1189,1,9.602698793,23,0,1,1,1.217873151,4
1190,0,7.464147382,21,1,0,0,1.36559111,4
1191,1,9.864949861,16,0,0,0,1.522274845,4
1192,1,11.58259608,13,1,0,0,2.231402397,3
1193,0,3.781553076,9,0,1,0,2.135266355,3
1194,1,18.01815461,12,0,0,0,2.255698915,3
1195,1,13.48373898,11,1,1,0,2.751145788,2
1196,1,12.66537835,26,0,1,1,0.897634159,4
1197,1,1.989924524,0,0,1,0,3.117354435,1
1198,0,12.08347876,27,0,1,0,1.287595131,4
1199,1,2.419213245,21,0,0,0,0.571053098,4
1200,1,1.573953504,28,0,1,0,0.581355799,4
1201,0,10.54621791,18,0,0,0,1.643462404,4
1202,1,8.055710681,18,0,0,0,1.234844041,4
1203,0,11.7762054,5,0,0,1,2.96809362,2
1204,1,1.784443361,12,0,1,0,2.00929848,3
1205,0,8.619661257,18,0,1,0,1.146086034,4
1206,0,3.495734301,12,1,0,0,2.192363198,3
1207,0,19.74200172,26,1,1,0,0.945730873,4
1208,0,11.22300425,25,0,1,0,0.567250028,4
1209,1,13.74873722,21,0,0,0,0.970764347,4
1210,0,6.508365614,20,1,1,0,1.656060126,4
1211,1,1.894778296,3,0,0,0,2.839313249,2
1212,0,19.51741726,23,0,0,0,0.18981806,4
1213,0,5.725180708,1,0,1,0,3.258294685,1
1214,0,8.476163703,14,1,0,0,1.920055853,4
1215,1,12.99727843,11,0,0,0,2.021771494,3
1216,0,0.493945954,29,1,1,0,0.125933075,4
1217,1,16.20518261,26,1,1,0,1.287013412,4
1218,1,10.7315638,6,0,1,0,2.591426703,2
1219,1,5.564343741,19,1,0,0,1.463379649,4
1220,1,1.232159706,17,0,0,0,1.465549386,4
1221,1,3.249968309,22,0,1,1,1.710466838,4
1222,1,17.90067718,12,0,0,1,2.288505685,3
1223,1,13.72048448,16,0,0,0,1.960968849,4
1224,1,4.998034433,3,0,0,0,2.621623326,2
1225,1,1.312015299,24,0,1,0,0.768316386,4
1226,0,13.81230625,13,0,0,0,1.806406345,4
1227,0,11.44815452,19,0,0,0,0.881866353,4
1228,0,8.090390489,27,0,0,1,0.817068221,4
1229,0,7.272228984,12,1,0,0,1.446132528,4
1230,0,4.336285519,2,0,0,1,3.339094362,1
1231,1,13.39222513,25,0,0,0,0.819625478,4
1232,1,19.41336056,25,0,0,0,0.676817973,4
1233,1,3.514304917,17,0,0,1,1.389544874,4
1234,1,11.9423324,13,0,0,1,1.991508414,4
1235,1,8.483701115,14,0,0,1,1.63986755,4
1236,1,8.933774435,2,0,0,1,2.511743021,2
1237,1,5.082945603,0,0,0,0,2.98391995,2
1238,0,16.50269751,25,1,0,0,1.258654854,4
1239,0,9.705112083,23,1,0,0,1.417929927,4
1240,0,10.86811704,16,0,1,0,1.597016572,4
1241,0,6.095218256,2,1,0,1,3.088699868,1
1242,1,3.636169313,13,0,1,1,1.641341443,4
1243,1,1.718207764,2,0,0,1,2.586870656,2
1244,1,14.28238282,12,1,0,0,2.389032645,3
1245,0,3.924685634,14,0,1,0,1.8981464,4
1246,1,13.80150708,17,0,0,1,2.110487975,3
1247,1,7.807528921,13,0,0,0,1.700273589,4
1248,1,8.31549602,20,0,1,0,1.044499995,4
1249,0,9.383549922,25,0,0,1,1.194166134,4
1250,1,7.354170163,2,0,0,0,2.649136828,2
1251,0,2.012399544,18,0,0,1,1.234141389,4
1252,0,6.1926362,7,0,1,0,2.127408866,3
1253,0,13.27468721,3,1,1,0,2.913887649,2
1254,0,13.31568803,3,0,0,0,3.119393913,1
1255,1,5.724486145,18,1,0,0,1.036378738,4
1256,0,9.202052531,10,0,1,0,2.403284547,3
1257,0,3.86894456,0,1,0,0,3.156508064,1
1258,1,4.207441631,7,1,0,1,2.723471859,2
1259,1,0.460941768,14,0,1,1,1.530951146,4
1260,0,17.934931,0,0,0,0,3.468581349,1
1261,1,4.214133301,6,0,1,0,2.302032044,3
1262,0,4.550677539,20,1,1,0,1.265677909,4
1263,0,5.592028653,19,0,1,1,1.479602228,4
1264,0,2.548161434,19,0,0,0,1.445076719,4
1265,0,12.78525766,23,0,0,0,0.80943381,4
1266,1,1.502859064,10,1,0,0,2.15023327,3
1267,0,2.684048527,26,0,0,0,0.559143716,4
1268,1,12.89513453,28,0,0,0,0.580788485,4
1269,1,6.79321241,13,0,0,1,1.602089196,4
1270,1,14.15895653,21,1,0,1,1.002798364,4
1271,1,11.14849489,15,0,0,0,1.663063453,4
1272,0,5.120423461,13,0,0,0,1.53154646,4
1273,1,13.01655901,11,0,0,0,2.205842147,3
1274,0,2.325473606,16,0,0,0,1.155338561,4
1275,1,10.72820766,13,1,0,0,2.15375834,3
1276,1,8.742962101,9,0,1,0,2.592786686,2
1277,0,5.357471656,23,0,1,1,0.912330507,4
1278,0,12.08009995,28,1,0,0,0.695630933,4
1279,0,17.42667185,13,1,0,0,2.139619891,3
1280,1,19.978094,17,0,0,0,1.550449331,4
1281,1,12.15525537,21,0,0,0,1.5475367,4
1282,0,8.094117487,8,1,0,0,2.966548034,2
1283,0,4.504142004,16,0,1,0,1.633679371,4
1284,0,5.141921788,5,1,0,0,2.33254032,3
1285,0,9.589099563,7,1,1,1,3.270262309,1
1286,1,7.345554026,25,0,0,0,0.346470593,4
1287,0,18.27629045,12,1,0,0,1.894904336,4
1288,0,7.365909353,17,0,0,0,1.456742601,4
1289,0,7.468891823,4,0,1,0,2.553723151,2
1290,0,7.670690249,5,0,0,0,2.224197461,3
1291,1,16.73240421,20,1,0,1,1.847600418,4
1292,0,13.01576642,18,0,1,0,1.849760707,4
1293,1,12.28337701,3,0,0,0,3.268794216,1
1294,0,6.682860448,6,1,0,0,2.546516637,2
1295,0,16.35808354,3,0,0,0,3.101229221,1
1296,1,0.767277227,24,0,0,0,0.655954078,4
1297,0,17.41594345,10,1,0,1,3.088512306,1
1298,1,10.254998,11,1,0,0,1.992559805,4
1299,1,7.965004697,13,1,0,1,2.605247446,2
1300,0,9.943345614,12,1,0,0,1.733972454,4
1301,1,13.34831061,28,0,1,0,1.113848788,4
1302,1,0.25530853,9,0,1,0,1.649250252,4
1303,1,17.43103713,17,0,0,0,1.33755498,4
1304,1,8.934790506,15,0,0,0,1.984659919,4
1305,1,6.859330394,4,0,0,1,3.060881656,1
1306,1,2.764911313,7,1,0,0,2.392897358,3
1307,1,8.789307487,13,0,0,0,2.08379699,3
1308,1,9.926455426,4,0,0,1,3.645738049,0
1309,0,8.07293389,25,0,1,0,0.322286082,4
1310,0,13.57320188,27,0,0,1,1.129514334,4
1311,1,8.417930575,23,0,1,0,0.630756944,4
1312,0,19.22835156,7,0,0,0,3.157229639,1
1313,1,11.98555036,24,0,0,0,0.680087787,4
1314,1,16.14955871,25,0,0,0,0.796359848,4
1315,0,2.187118062,5,1,0,1,2.844039215,2
1316,1,7.945825859,15,1,0,1,1.253451854,4
1317,1,6.736954029,27,0,0,0,0.534508881,4
1318,1,11.38964776,3,1,1,0,3.191046118,1
1319,1,17.2222704,11,0,0,0,2.815421275,2
1320,0,1.566764355,10,0,0,0,2.157122303,3
1321,1,1.451495961,2,0,1,0,2.72382806,2
1322,1,17.00635416,11,0,1,0,2.627693906,2
1323,1,4.257001721,29,1,1,1,0.912415621,4
1324,0,13.37506509,4,0,0,0,2.609623082,2
1325,1,10.85756265,5,1,0,1,2.981992255,2
1326,0,16.6578719,18,0,0,0,1.625082774,4
1327,0,2.501778197,17,0,0,1,1.361698418,4
1328,1,2.595659314,15,1,0,0,1.916961896,4
1329,1,11.13636721,22,0,0,0,1.011253195,4
1330,0,18.92757307,10,0,1,1,2.332159041,3
1331,1,8.299955167,4,0,1,1,3.387938348,1
1332,0,6.538842005,8,0,0,1,2.384690791,3
1333,0,12.13378646,2,0,0,0,2.780816996,2
1334,1,18.60897201,29,0,0,1,0.534835754,4
1335,1,16.73855666,7,0,0,0,2.542214349,2
1336,0,19.90967221,5,0,0,0,3.007129067,1
1337,0,0.451371664,3,0,1,0,2.985809814,2
1338,0,2.257162894,11,0,0,1,1.949306057,4
1339,0,12.18935527,11,0,0,0,2.147845196,3
1340,1,16.41152879,24,0,0,0,1.175768025,4
1341,1,5.704886846,20,0,1,0,1.400363254,4
1342,1,4.784221761,15,0,1,0,1.755544023,4
1343,1,15.73951599,9,0,1,0,2.900096239,2
1344,1,1.127637077,21,0,0,0,1.033459491,4
1345,0,7.387652952,13,0,0,0,1.907742363,4
1346,1,10.11618445,12,0,0,0,1.88090929,4
1347,1,11.20697349,8,0,0,1,2.614950354,2
1348,1,14.57230314,6,0,1,0,3.107135594,1
1349,1,7.096914469,11,0,0,0,1.386464562,4
1350,1,12.25368689,4,0,0,0,2.833760072,2
1351,0,11.70750846,17,0,0,0,1.086151397,4
1352,0,10.95232201,3,0,0,0,2.87403736,2
1353,0,12.80966586,1,0,0,1,2.895671305,2
1354,1,5.188983421,2,1,0,0,3.181307602,1
1355,0,1.692975072,25,0,0,0,0.471283109,4
1356,0,2.385433441,11,1,0,0,2.211379528,3
1357,1,4.491647653,2,1,1,1,3.375252255,1
1358,1,10.00395871,3,0,0,1,3.203858191,1
1359,1,16.80885501,5,0,0,0,3.350179111,1
1360,0,14.02586684,11,0,0,0,1.72579153,4
1361,0,15.78081208,18,0,1,0,2.216603815,3
1362,1,7.019512479,9,0,1,0,2.004627317,3
1363,1,8.093074833,29,1,0,0,0.715742046,4
1364,0,7.87363772,0,1,0,0,3.880640085,0
1365,0,3.837463688,16,0,1,0,1.689528158,4
1366,1,1.224333163,15,0,1,1,1.757978804,4
1367,1,11.81832186,8,0,0,0,2.136399546,3
1368,0,19.78433367,24,1,0,1,0.911568271,4
1369,1,3.336594099,20,1,0,0,1.13780111,4
1370,0,0.933696398,8,1,1,0,2.349264927,3
1371,0,15.59063364,26,0,0,0,0.623747437,4
1372,0,5.051720134,22,0,0,0,0.341029446,4
1373,0,16.59287611,8,0,0,0,2.223813667,3
1374,1,14.07873334,11,0,0,0,2.328240385,3
1375,1,18.91347074,22,1,1,0,1.623077822,4
1376,0,8.178544715,8,1,1,0,2.200896322,3
1377,0,13.23939679,14,0,0,1,2.584110655,2
1378,0,9.297095616,1,0,1,0,2.996503304,2
1379,0,12.61177395,10,0,0,0,2.373993481,3
1380,0,8.99197812,10,1,1,0,2.830404456,2
1381,1,3.772644928,7,0,1,1,2.525115534,2
1382,1,10.15794832,22,0,1,0,1.042981651,4
1383,1,10.57168403,5,0,1,0,2.661096904,2
1384,1,16.21207697,20,0,0,0,1.599593888,4
1385,0,14.71041412,19,1,1,0,1.799409149,4
1386,0,13.27583248,6,0,0,0,2.657638557,2
1387,0,2.267741911,2,0,0,0,2.998484062,2
1388,0,14.41232581,7,0,0,0,2.977408433,2
1389,0,10.00610313,17,0,0,0,1.375164137,4
1390,1,17.88199072,16,0,1,0,1.84886644,4
1391,0,18.39741868,10,0,0,0,2.4424562,3
1392,1,1.103131812,1,0,1,0,2.856038514,2
1393,1,16.41283121,24,1,1,0,1.20615023,4
1394,1,0.753947808,20,0,1,1,0.89590299,4
1395,1,7.343392514,26,0,0,0,0.273190929,4
1396,0,10.84599951,23,0,0,0,0.667508961,4
1397,1,2.962015973,18,0,0,0,1.089440604,4
1398,1,14.92627625,6,0,0,0,2.813211008,2
1399,1,0.167094083,17,1,1,0,1.86875859,4
1400,0,3.371980969,7,0,1,1,3.035693596,1
1401,0,11.6159366,13,0,0,0,2.135356801,3
1402,0,14.28775124,6,0,1,0,3.038116129,1
1403,1,18.33286205,27,0,0,1,0.99412941,4
1404,1,14.10993304,20,0,0,0,1.232557166,4
1405,0,13.43558541,27,0,0,1,0.864403743,4
1406,1,7.886822927,26,0,0,0,0.115231855,4
1407,0,0.025688511,3,0,1,0,2.934586305,2
1408,0,2.403185175,16,0,1,0,2.046938817,3
1409,1,10.6910909,4,0,1,0,3.065473134,1
1410,1,13.50259772,11,0,0,1,2.4370263,3
1411,1,8.348965678,8,0,0,1,2.427614636,3
1412,1,14.61358023,25,0,0,0,0.777150955,4
1413,0,10.43724591,19,1,1,1,1.879575445,4
1414,0,1.483523912,12,0,0,0,1.596574874,4
1415,0,3.840325019,24,0,0,1,0.704595243,4
1416,0,16.79996446,27,0,1,1,0.764186697,4
1417,0,14.49825493,17,1,1,0,1.503416679,4
1418,1,17.89523974,19,1,1,0,1.525837862,4
1419,0,2.351144982,8,0,1,1,2.270841108,3
1420,0,19.80445069,3,0,0,0,3.402352539,1
1421,0,4.188134279,20,1,0,1,1.438204968,4
1422,1,0.235597526,26,0,0,0,0.336571299,4
1423,1,19.94845878,7,0,0,0,3.112281137,1
1424,1,5.621477709,0,1,0,0,3.770694722,0
1425,1,13.36038905,16,0,0,0,1.655613323,4
1426,0,3.533646284,24,0,1,0,1.050469692,4
1427,0,11.60457064,8,1,0,0,2.535391284,2
1428,1,18.08069973,19,0,0,0,1.396090494,4
1429,1,6.403623349,12,0,1,1,2.025416982,3
1430,0,13.40507952,1,0,0,0,3.268302548,1
1431,0,3.758071776,12,0,1,1,2.017218039,3
1432,1,12.49590797,8,0,1,0,2.397682579,3
1433,1,6.729007036,29,0,1,0,0.287867323,4
1434,1,4.224165172,19,0,0,1,1.548710211,4
1435,1,6.263641014,5,1,1,0,2.905242112,2
1436,0,3.57682137,27,0,0,1,0.248977131,4
1437,0,18.03832216,0,1,1,0,3.418409867,1
1438,0,7.943737726,27,1,0,0,0.582920886,4
1439,1,4.905586099,24,0,0,1,0.930028646,4
1440,1,8.96815682,4,0,1,0,2.679085718,2
1441,0,6.410723336,2,1,0,0,3.106230425,1
1442,0,14.88838508,3,0,1,0,2.781287884,2
1443,0,19.42439824,0,0,0,1,4,0
1444,0,8.760673134,13,0,1,1,2.332783964,3
1445,1,17.220668,8,1,1,0,3.06771837,1
1446,0,11.31726147,29,0,0,1,0.869123386,4
1447,0,3.144713302,23,0,0,1,1.520503877,4
1448,0,13.81245484,3,0,1,1,3.289823142,1
1449,0,10.26868994,17,1,1,0,2.175739293,3
1450,0,13.01213047,13,0,0,0,1.852428691,4
1451,0,17.79374825,24,0,1,1,1.47728877,4
1452,0,8.808691413,3,0,0,0,2.878926863,2
1453,1,18.02355246,24,0,0,1,1.058050772,4
1454,1,15.01338029,9,0,0,0,2.57289042,2
1455,1,9.772098518,2,0,1,0,3.587735587,0
1456,1,12.06444271,22,0,1,1,1.301418014,4
1457,0,6.51162265,6,1,0,1,3.209493136,1
1458,1,19.67194599,9,0,0,0,2.537230639,2
1459,1,13.34702326,12,0,1,0,1.989395759,4
1460,0,0.87693705,3,1,0,1,3.004233303,1
1461,0,6.532438115,17,0,1,1,1.513516756,4
1462,1,12.46628868,10,0,0,0,2.172740552,3
1463,1,1.126665556,24,1,0,0,0.641649169,4
1464,0,0.477683826,3,0,0,1,2.753590232,2
1465,1,9.000484791,23,0,1,0,1.038488352,4
1466,0,6.653803594,13,0,1,1,2.255019103,3
1467,0,8.765972161,17,0,0,0,1.666702258,4
1468,0,5.253866198,7,0,0,0,2.49945943,3
1469,0,3.294354939,26,1,0,0,0.278215459,4
1470,1,13.78286714,9,0,1,0,2.637594228,2
1471,0,10.29142233,4,0,1,1,3.057121728,1
1472,0,4.003084225,22,0,1,1,1.361932827,4
1473,1,6.391788525,6,1,1,0,3.238931718,1
1474,0,11.83615815,11,1,1,1,2.573034385,2
1475,1,1.444586965,24,0,0,0,0,4
1476,1,2.949060185,2,1,0,1,3.143909878,1
1477,1,1.464912082,25,1,1,0,1.0464634,4
1478,0,16.24634665,3,0,0,0,2.868574228,2
1479,1,15.04818466,9,0,0,0,2.639447292,2
1480,1,15.06625864,3,0,0,0,2.669749933,2
1481,0,14.32650687,14,1,0,1,2.794885283,2
1482,1,13.38770847,28,1,0,0,1.186569729,4
1483,1,9.539838308,9,0,0,0,2.520175259,2
1484,1,12.84556327,20,0,0,0,1.601078488,4
1485,1,0.767231096,29,0,0,0,0,4
1486,1,12.42928845,21,1,0,0,1.595054759,4
1487,0,15.55755411,15,1,1,0,2.222002853,3
1488,1,10.00716721,14,0,0,0,1.615093148,4
1489,1,7.150266569,18,0,1,1,1.675919431,4
1490,0,5.548534696,28,0,1,0,0.214319504,4
1491,0,12.856041,19,1,1,0,1.556765557,4
1492,0,13.85602397,18,0,1,1,2.154199353,3
1493,1,17.419352,17,0,0,1,2.070669312,3
1494,0,6.846681649,25,1,0,1,0.567237107,4
1495,1,15.39544615,11,0,1,0,2.162688108,3
1496,1,11.22711648,24,1,0,0,1.291230426,4
1497,0,17.65672981,15,0,0,1,2.340156389,3
1498,0,10.55624217,0,0,0,0,2.92396974,2
1499,1,10.35259657,15,1,1,0,2.190146602,3
1500,0,11.55754163,1,0,0,0,3.074214192,1
1501,1,14.9863071,23,0,0,0,1.009430322,4
1502,0,19.29380958,14,0,1,1,2.118500602,3
1503,0,1.471267084,6,0,1,0,2.615347948,2
1504,0,1.068692048,27,0,0,1,0.415930507,4
1505,1,18.75100675,0,1,1,0,3.947092964,0
1506,0,10.59751251,4,1,0,1,3.017353227,1
1507,1,12.29806029,9,1,1,0,2.813786291,2
1508,1,9.648472032,21,0,0,0,0.769636121,4
1509,1,1.873149052,20,1,0,0,0.892266135,4
1510,1,15.36178757,3,1,1,1,3.666290827,0
1511,0,14.9444929,13,0,0,1,1.401548239,4
1512,1,6.23406643,12,0,0,0,1.423338336,4
1513,1,6.124784905,0,0,1,0,3.149644744,1
1514,0,16.75682762,15,1,0,1,2.353731152,3
1515,1,1.447145155,22,0,1,1,1.161354351,4
1516,0,17.62210297,8,1,0,0,2.647195986,2
1517,1,5.133233798,21,0,0,1,1.298997985,4
1518,0,11.85969496,15,1,1,0,2.644197368,2
1519,1,18.71988358,18,0,0,0,1.737989619,4
1520,0,13.56245003,14,0,0,0,2.018776899,3
1521,1,8.288596249,25,0,0,1,0.717780498,4
1522,1,13.79068418,13,0,1,0,2.267584401,3
1523,0,6.879592726,19,1,0,0,1.271494623,4
1524,0,5.545168327,9,1,0,1,2.621666893,2
1525,0,19.93366556,20,0,0,0,1.228528505,4
1526,0,15.01580462,11,0,0,1,2.495312361,3
1527,1,12.89439955,27,0,0,1,0.701761808,4
1528,1,7.105792864,0,0,1,1,3.864976861,0
1529,0,0.983216583,20,0,1,0,0.684651926,4
1530,1,0.621137521,16,1,0,0,1.885850224,4
1531,0,11.08362511,8,1,0,1,2.327832763,3
1532,0,15.24065442,22,0,1,0,0.880232812,4
1533,1,10.74758381,18,0,0,0,1.411981507,4
1534,1,16.81570144,24,0,0,1,1.66253183,4
1535,1,0.668530662,17,0,1,0,1.341598477,4
1536,1,7.335041529,27,0,1,1,0.659202916,4
1537,1,4.741407823,6,0,0,0,2.153371206,3
1538,1,8.945459363,8,0,0,0,2.44310292,3
1539,1,1.447527864,21,0,0,0,0.270088555,4
1540,0,19.08263283,25,0,0,0,1.316724623,4
1541,0,4.465108021,20,0,1,0,0.817714202,4
1542,0,18.44615551,11,0,0,1,2.05694597,3
1543,0,8.517863101,6,1,1,0,3.219333348,1
1544,0,19.71048267,13,1,0,0,2.24087006,3
1545,1,11.08116767,14,1,0,1,1.913799797,4
1546,0,18.61665728,14,0,0,0,2.240334376,3
1547,0,0.106979774,5,0,1,0,2.254547586,3
1548,0,14.96477612,20,0,1,1,1.89130043,4
1549,0,18.06101306,13,0,0,0,2.206226341,3
1550,0,2.79441134,1,1,0,1,3.335098155,1
1551,0,1.922517035,7,0,1,1,2.411986461,3
1552,0,8.491452144,12,0,0,1,2.160978519,3
1553,1,18.67357812,22,0,0,1,1.165394363,4
1554,1,10.8477312,5,0,0,0,2.583500636,2
1555,0,10.54912927,4,1,0,1,3.017063256,1
1556,1,2.822522366,4,0,1,1,2.576174697,2
1557,1,0.015790222,24,0,0,0,0.23334988,4
1558,1,16.20280181,0,0,1,0,3.646516389,0
1559,1,1.75149126,8,1,1,1,2.605425232,2
1560,0,12.67699637,5,0,1,0,3.366929515,1
1561,1,18.29232909,19,0,0,1,1.583780258,4
1562,1,4.173038263,25,0,0,0,0.776396706,4
1563,1,13.30545672,29,1,0,0,0.78348664,4
1564,0,1.573971534,6,0,0,0,2.328311711,3
1565,0,12.07510288,8,0,1,0,2.718465436,2
1566,0,3.278634419,4,1,1,0,3.244882203,1
1567,0,14.71907121,13,1,1,0,2.865674749,2
1568,0,6.024625896,4,0,0,0,2.326326756,3
1569,0,9.267820176,7,1,0,1,3.303066679,1
1570,0,11.98861084,6,0,0,0,2.489218238,3
1571,1,3.425468213,12,1,1,1,2.600264187,2
1572,1,14.83275637,12,0,0,0,2.119171492,3
1573,1,6.052806813,7,0,0,0,2.522694548,2
1574,0,13.2474372,10,1,0,0,2.47585411,3
1575,0,3.165661014,27,1,1,0,0.782809234,4
1576,0,13.76235318,25,0,1,0,0.766404869,4
1577,0,2.563761456,17,1,1,0,1.283622078,4
1578,0,8.507129925,24,0,1,0,0.643145933,4
1579,1,4.944121475,18,1,0,0,1.669230217,4
1580,1,14.96750499,5,0,0,0,3.282070051,1
1581,0,5.24070009,21,0,0,1,0.743714017,4
1582,0,17.63434613,1,0,0,0,3.325066843,1
1583,0,17.83640423,27,0,1,1,1.184519764,4
1584,0,3.928826304,12,0,0,0,1.616536099,4
1585,1,12.2769189,22,0,0,0,1.583083971,4
1586,0,1.754352834,24,0,0,0,0.184251489,4
1587,0,7.830741992,27,1,0,0,0.472181042,4
1588,0,14.26643459,25,0,1,1,1.299355518,4
1589,0,13.18846494,10,0,0,0,2.379628283,3
1590,1,12.49401339,0,0,0,0,3.56628313,0
1591,0,5.650817273,23,0,0,0,0.278347571,4
1592,0,7.560498989,1,0,0,0,2.421546883,3
1593,1,2.058922894,29,0,0,1,0.617680424,4
1594,1,14.38045641,16,0,0,0,1.804726658,4
1595,1,10.07777594,7,0,1,0,2.63520813,2
1596,0,14.17531265,1,0,0,0,3.436025389,1
1597,0,4.978870496,5,0,0,0,2.737377926,2
1598,1,6.488764573,21,1,1,0,1.14669608,4
1599,1,6.684306745,4,0,0,0,2.405267526,3
1600,1,0.514848195,15,1,0,0,1.525282049,4
1601,1,6.820957457,7,0,1,1,2.446157081,3
1602,1,16.06609147,18,1,1,0,1.952953012,4
1603,1,17.94596991,15,0,1,0,2.293087191,3
1604,0,10.36436631,12,0,0,0,1.471672029,4
1605,0,9.110033904,25,1,0,0,1.106713498,4
1606,0,0.616492374,19,0,0,1,1.205856976,4
1607,1,17.58408675,6,0,0,0,2.559070355,2
1608,1,0.260204269,15,0,1,1,2.457651022,3
1609,1,18.8950016,22,1,0,0,1.226741286,4
1610,1,9.784324974,15,0,0,0,1.590433098,4
1611,1,6.838689871,28,0,1,0,0.310669533,4
1612,1,18.4843687,11,1,1,0,2.771810659,2
1613,0,0.487819862,13,0,1,0,1.582682992,4
1614,0,11.6284979,23,1,1,0,1.105587098,4
1615,1,10.97865049,17,0,0,0,2.300296135,3
1616,0,4.386408024,26,1,1,1,0.991883698,4
1617,1,8.577748627,27,0,0,1,0.165110622,4
1618,0,13.04528012,17,0,0,0,0.989329921,4
1619,1,14.54262394,15,0,1,0,2.230253521,3
1620,1,0.014337174,19,0,1,0,1.383528078,4
1621,0,18.7370686,15,0,1,1,2.131405263,3
1622,0,3.290507448,12,0,1,0,1.868276923,4
1623,1,4.671608684,25,0,1,0,1.247481944,4
1624,1,5.269468914,28,0,0,0,0.299907548,4
1625,0,0.756402731,8,0,1,0,2.705195695,2
1626,0,2.461042472,25,0,1,1,0.897938092,4
1627,1,19.72699846,27,0,1,1,1.391731791,4
1628,0,6.304334748,8,0,0,0,2.150546166,3
1629,1,2.306021807,12,0,0,0,1.448741242,4
1630,1,2.139825223,28,0,1,0,0,4
1631,1,14.38919935,3,1,0,0,3.091715028,1
1632,1,17.09137328,8,0,0,0,2.576927695,2
1633,0,5.13904599,14,0,0,0,1.955872527,4
1634,0,0.418190247,13,0,0,1,1.878708344,4
1635,0,4.461800369,18,1,1,1,1.630400132,4
1636,0,1.130313816,11,0,0,0,2.37274811,3
1637,0,2.067898733,20,1,1,0,1.279370611,4
1638,0,8.630162397,25,0,0,0,0.155004788,4
1639,0,4.598367417,24,1,0,1,1.278347034,4
1640,1,10.31891757,5,0,0,1,2.655993566,2
1641,0,5.069875065,2,0,1,0,2.682316053,2
1642,0,18.81074602,25,0,0,1,1.644819939,4
1643,1,18.11887936,24,1,1,1,1.396278438,4
1644,0,11.3361221,21,1,1,0,1.609486799,4
1645,0,7.08847984,19,0,1,0,1.187367525,4
1646,1,7.622937641,15,0,1,0,2.019797023,3
1647,0,8.237045663,29,0,0,0,0.241625628,4
1648,0,14.55158644,19,0,0,0,1.247725194,4
1649,0,9.03277991,23,0,0,0,0.852682363,4
1650,1,17.13459893,22,0,0,0,0.965700989,4
1651,0,18.88189572,16,1,1,1,2.423800752,3
1652,0,6.718923068,15,0,1,0,1.741968167,4
1653,1,11.21388963,5,0,0,0,2.845925776,2
1654,0,1.901130737,7,0,0,0,2.039564398,3
1655,1,4.009380955,18,1,1,0,1.54206374,4
1656,1,8.269315334,29,1,0,0,0.730779602,4
1657,0,4.124054318,24,0,1,0,0.499987778,4
1658,1,17.53120982,25,1,0,0,1.122889381,4
1659,1,3.165725121,1,1,0,1,2.959492728,2
1660,0,9.113216431,13,0,1,1,2.30020524,3
1661,1,12.11398481,21,0,0,1,1.352720764,4
1662,1,13.83727816,11,1,1,0,2.134062038,3
1663,0,7.661387395,16,0,1,0,1.29979432,4
1664,0,17.38198137,27,0,1,0,0.747833944,4
1665,0,11.36638302,26,0,1,1,0.532923204,4
1666,1,8.790155609,14,0,0,0,2.07376979,3
1667,0,1.344812681,17,1,1,1,1.991379364,4
1668,1,9.293789369,15,0,1,0,1.8999596,4
1669,1,16.41471682,12,0,1,1,2.614883942,2
1670,1,12.29082036,20,1,1,1,1.810270744,4
1671,1,16.64324907,16,0,1,0,1.581931481,4
1672,1,9.880233412,7,0,0,1,2.271332803,3
1673,1,2.369234102,0,1,1,0,3.363670491,1
1674,1,0.272796917,28,0,1,1,0.48129848,4
1675,0,6.064390934,24,0,1,1,0.199927379,4
1676,0,13.95980943,25,0,0,1,1.268008751,4
1677,1,15.80519808,26,0,1,0,0.882552454,4
1678,1,5.915056692,2,1,0,0,3.120136639,1
1679,0,9.913078418,15,0,0,1,1.804154692,4
1680,1,8.422378089,27,0,1,1,0.681703644,4
1681,0,8.210455687,1,0,1,0,2.898261817,2
1682,0,4.626974264,14,0,0,0,1.730318003,4
1683,0,2.727422101,0,1,1,0,3.560791672,0
1684,1,3.933771165,8,1,0,1,2.528774574,2
1685,1,1.106647743,15,1,0,1,1.592387858,4
1686,0,3.962614836,3,0,0,0,2.374130972,3
1687,0,0.184017953,11,1,1,0,1.81040948,4
1688,0,12.54516801,0,0,0,0,2.829826431,2
1689,0,6.327508148,0,1,0,0,3.047602089,1
1690,0,19.46289423,6,1,1,1,3.62592173,0
1691,1,3.874341016,17,0,0,0,0.927321545,4
1692,0,6.916571406,22,0,1,0,1.331958949,4
1693,1,7.156823173,27,0,1,1,0.779551722,4
1694,0,0.169029921,22,0,1,0,0.881358447,4
1695,1,16.78415906,14,1,0,0,2.398121086,3
1696,1,0.639889203,25,0,0,1,0.758814269,4
1697,1,18.80359669,29,0,1,0,1.028865596,4
1698,1,17.84148702,24,0,0,1,1.444476695,4
1699,1,10.71043832,12,1,0,0,2.214067459,3
1700,1,10.8719115,15,0,0,1,2.511918088,2
1701,0,13.07555846,6,0,0,0,2.690149803,2
1702,1,7.741000239,15,0,1,0,1.605274386,4
1703,0,12.94444567,12,0,1,0,2.709889487,2
1704,1,0.895367774,13,0,0,1,1.528563501,4
1705,1,1.080952547,16,1,0,1,1.778569202,4
1706,0,9.144608392,11,0,1,0,2.121964059,3
1707,1,10.99244602,28,0,0,0,0.405904831,4
1708,0,17.75635281,23,0,1,0,1.123926328,4
1709,0,2.093212678,23,0,0,0,0.870330411,4
1710,0,16.45295854,19,0,1,1,1.822829208,4
1711,0,4.200946746,12,0,1,0,2.231182932,3
1712,1,7.88167297,23,0,0,1,0.966967717,4
1713,1,6.332048697,19,0,0,1,1.691858946,4
1714,0,8.003105457,14,0,0,0,2.069758206,3
1715,1,3.009909961,23,1,1,1,1.057876127,4
1716,1,10.07140149,20,0,0,0,1.321427207,4
1717,0,16.0328518,3,1,1,0,3.516940721,0
1718,1,8.830680208,21,1,0,1,1.049157002,4
1719,0,9.812271518,1,0,1,0,3.486141329,1
1720,0,16.97535171,27,1,1,0,0.586837405,4
1721,1,14.12116229,17,0,0,1,2.358815897,3
1722,1,9.80908817,1,0,0,0,3.152222286,1
1723,1,5.153912964,24,0,0,0,0.587835083,4
1724,0,17.69853494,14,0,1,1,2.668893329,2
1725,0,11.54040803,29,0,0,0,0.304372034,4
1726,1,4.422952202,25,0,0,1,0.280670308,4
1727,1,5.382395053,18,0,1,0,0.873091197,4
1728,1,16.06266178,14,0,0,0,2.330783483,3
1729,1,0.882911242,25,0,1,1,0.318850909,4
1730,0,19.84184374,19,0,0,0,1.792289321,4
1731,1,2.607033594,9,0,0,1,2.573219137,2
1732,0,15.92137051,27,0,0,1,1.084490126,4
1733,0,7.895506335,23,0,1,1,1.08669668,4
1734,1,9.844323666,19,0,0,0,1.004112663,4
1735,1,17.61301155,10,1,1,0,2.824604893,2
1736,1,8.258223792,25,1,0,1,1.364373782,4
1737,0,10.74987507,9,0,0,0,2.607286401,2
1738,1,0.985993248,28,1,1,0,0.568468084,4
1739,1,0.046949477,22,0,0,0,0.573796193,4
1740,0,4.89599746,4,0,0,0,2.258071035,3
1741,1,13.61166186,8,1,0,0,2.840092975,2
1742,0,2.425297867,19,0,1,1,1.683117263,4
1743,1,2.275239176,18,1,1,0,1.72090715,4
1744,0,8.219212161,12,0,0,0,1.537783909,4
1745,1,12.95674077,17,0,0,1,2.063463508,3
1746,1,14.24143984,16,0,1,0,1.87854751,4
1747,0,3.569013482,26,0,1,1,0.863270859,4
1748,0,1.591762947,5,0,0,0,2.513286133,2
1749,1,18.80794068,9,0,1,1,2.77216327,2
1750,0,5.213327651,1,1,0,0,2.888385936,2
1751,0,17.06692995,23,0,0,1,1.337161049,4
1752,0,17.26982901,5,0,0,0,2.370611615,3
1753,0,15.45045184,27,0,0,0,0.854464648,4
1754,1,3.376672133,27,1,0,0,0.322641827,4
1755,1,16.43602919,20,0,1,1,1.834226997,4
1756,0,15.38501118,12,0,0,0,1.990060452,4
1757,0,11.9344598,17,1,0,1,2.226983394,3
1758,0,6.744040703,6,0,0,0,2.608386898,2
1759,0,5.250172085,1,0,1,0,3.406339082,1
1760,1,2.437784242,28,1,1,0,0.867034374,4
1761,1,10.19514134,13,1,0,1,2.166091325,3
1762,0,11.70521751,4,0,0,1,2.422928333,3
1763,0,7.18677981,17,0,0,1,1.509557878,4
1764,0,9.507181354,10,1,0,1,2.443857264,3
1765,1,7.270289147,9,0,0,0,2.003828379,3
1766,0,12.82012115,10,1,0,1,2.465306489,3
1767,1,18.02518416,26,0,1,0,0.844792002,4
1768,0,3.278405241,1,0,0,1,2.731058898,2
1769,1,7.628176198,14,0,0,0,1.736011489,4
1770,0,2.817372079,6,1,0,1,2.589670731,2
1771,1,12.49887541,8,1,1,0,2.742361123,2
1772,0,14.57741019,4,0,0,0,2.49591944,3
1773,0,18.63825465,6,1,0,0,2.853437194,2
1774,0,5.577438525,19,0,1,0,1.591347992,4
1775,1,19.00422412,1,0,0,0,3.209673328,1
1776,0,1.265253436,2,1,0,1,3.127617865,1
1777,1,12.06027727,1,1,0,1,3.453275897,1
1778,1,1.142654387,20,1,1,0,0.822773567,4
1779,0,17.87548376,21,1,0,0,1.217335228,4
1780,0,10.59618114,22,0,1,0,0.762684311,4
1781,0,13.38696702,18,0,0,1,2.145848671,3
1782,1,16.63147852,3,1,0,0,3.299131002,1
1783,0,3.00621245,23,0,1,0,1.170812285,4
1784,1,0.771831239,19,0,0,0,1.424595653,4
1785,1,17.57762292,6,0,0,0,2.902659367,2
1786,0,6.298664549,27,0,0,0,0.691477419,4
1787,0,2.579578159,21,1,1,0,1.8865425,4
1788,0,9.369224742,6,0,0,0,2.635341351,2
1789,0,11.96612151,16,1,0,0,1.500339419,4
1790,0,0.619412068,18,0,0,0,1.235553816,4
1791,0,5.497913165,21,0,0,0,0.604613406,4
1792,1,0.655997486,15,0,0,0,1.388138976,4
1793,1,8.406707784,2,0,0,0,3.300552206,1
1794,1,17.90200058,14,0,0,0,2.168641593,3
1795,0,19.65304823,13,0,1,1,2.79726748,2
1796,1,12.74095107,14,0,0,0,1.717458615,4
1797,1,3.232753876,13,0,0,1,1.687900492,4
1798,1,18.1169878,6,0,1,0,2.952145863,2
1799,1,10.32495646,24,0,1,0,0.963375009,4
1800,1,3.074986242,2,0,1,0,3.334971828,1
1801,0,18.43453339,29,0,0,0,0.443640655,4
1802,0,15.14938101,16,1,1,0,1.955791739,4
1803,1,14.63410545,9,0,1,1,2.850351339,2
1804,1,14.18361408,14,1,0,1,2.370067422,3
1805,1,4.006796422,28,1,0,0,0.152590779,4
1806,0,4.220133834,5,0,0,0,2.123043127,3
1807,0,13.76585997,27,1,1,0,0.922013232,4
1808,1,4.394455002,16,0,0,0,1.428993238,4
1809,0,8.773433936,16,1,0,1,1.893440916,4
1810,0,15.64003651,13,1,0,0,1.939584666,4
1811,1,15.67905036,23,0,1,1,1.511276997,4
1812,0,9.065235451,24,0,0,0,0.825604174,4
1813,0,15.84379877,17,0,1,0,1.764354309,4
1814,1,16.77243592,24,0,1,0,1.2955949,4
1815,0,13.09551503,4,0,0,0,2.473717178,3
1816,0,4.568517046,28,0,0,0,0.019798485,4
1817,1,5.480235608,7,0,0,0,2.202958506,3
1818,0,6.296823108,6,0,1,0,3.040025436,1
1819,0,2.336082155,22,1,1,0,1.069079987,4
1820,1,5.463192407,3,1,1,0,3.941760022,0
1821,1,4.190384486,17,0,0,0,1.482595973,4
1822,1,9.106574996,4,0,0,1,3.042275369,1
1823,0,18.16875096,15,0,0,1,2.10396651,3
1824,1,2.089606335,13,0,0,0,1.787522329,4
1825,0,14.40535848,26,1,1,0,1.100381883,4
1826,1,13.74566009,26,0,0,0,0.854558289,4
1827,0,1.915083973,18,0,0,1,1.199651388,4
1828,1,18.4514481,13,1,0,0,2.591940919,2
1829,1,11.36944404,8,1,0,0,2.282212745,3
1830,1,7.274510423,5,0,0,0,2.754877493,2
1831,1,15.13077167,16,0,0,1,1.921268647,4
1832,0,5.147309168,18,0,1,0,1.583556496,4
1833,1,13.87019674,11,0,0,0,1.723385686,4
1834,1,0.794224151,3,1,1,0,2.876055005,2
1835,0,16.78816075,15,0,0,0,1.88899193,4
1836,1,8.96341694,24,0,1,1,1.369369967,4
1837,0,12.73385829,10,1,0,0,2.550546234,2
1838,1,4.424756396,21,1,1,1,1.943573341,4
1839,1,13.54147425,3,1,1,0,3.310401269,1
1840,1,15.44480552,16,0,0,0,1.418938675,4
1841,0,9.464263738,7,0,0,1,2.353054655,3
1842,1,12.35453848,13,0,0,0,1.752886206,4
1843,1,9.126518476,26,0,1,0,0.513962989,4
1844,1,17.88182739,1,0,0,0,3.021954868,1
1845,0,9.95738361,10,0,0,1,1.834749448,4
1846,0,16.83617418,10,0,0,0,2.275700147,3
1847,1,16.02704117,23,1,1,1,1.767646785,4
1848,0,8.210096427,21,0,1,0,1.353723074,4
1849,1,4.601689837,23,1,0,1,1.034201169,4
1850,1,8.121642651,5,0,0,0,2.758341831,2
1851,1,16.52434752,20,1,1,0,1.789966874,4
1852,1,4.552650716,20,0,1,0,1.223973607,4
1853,1,10.48872692,13,1,0,1,2.443619105,3
1854,1,16.12193496,29,0,0,1,0.362957003,4
1855,1,7.069549503,9,0,1,0,2.251753922,3
1856,0,12.84419274,25,1,0,0,0.900041692,4
1857,0,4.912631481,26,0,0,0,0.656616923,4
1858,0,2.185588907,7,0,1,0,2.186426951,3
1859,0,15.8876845,6,1,0,0,2.883136266,2
1860,0,1.979372468,7,1,1,0,2.877853698,2
1861,0,5.427627902,27,0,0,0,0.01206349,4
1862,0,17.10218844,7,0,1,0,2.583738163,2
1863,1,6.929385742,22,0,0,1,1.161554531,4
1864,1,19.46090699,1,0,1,0,3.301690513,1
1865,1,19.5946867,26,1,0,0,1.505172773,4
1866,1,5.365520409,15,0,0,0,1.385696221,4
1867,0,0.819564445,8,0,0,0,2.240923949,3
1868,0,14.10126568,12,1,1,0,2.116723382,3
1869,1,9.019730053,22,0,0,0,1.036656834,4
1870,1,2.015056879,11,0,0,0,1.617460207,4
1871,0,14.15045638,26,0,0,0,0.865945542,4
1872,1,0.623498182,21,0,0,1,1.320245987,4
1873,1,17.40393381,24,0,1,0,1.259764683,4
1874,1,2.773050582,28,0,1,0,0.081573184,4
1875,1,2.546237575,16,0,0,1,1.689673085,4
1876,0,3.513445959,26,0,0,0,0.46042165,4
1877,1,19.20532717,1,0,1,0,3.577043897,0
1878,1,13.86338721,12,0,1,0,2.087872127,3
1879,0,16.02743071,0,0,1,0,3.369584362,1
1880,0,7.952699715,25,0,0,0,0,4
1881,1,6.72625455,27,0,0,0,0.094651592,4
1882,0,4.689680136,18,0,0,1,1.405315628,4
1883,1,9.612960566,10,0,0,0,1.87826418,4
1884,1,11.03657467,4,0,1,0,2.87190477,2
1885,0,12.63549687,0,1,0,0,3.70794804,0
1886,1,5.14237008,19,0,0,0,1.174868091,4
1887,1,18.97308162,29,1,1,0,0.995449642,4
1888,1,3.395169964,12,1,0,1,2.528711257,2
1889,1,19.3130635,7,0,1,1,2.59683449,2
1890,0,0.29712245,5,0,0,0,2.460606774,3
1891,0,9.622513836,28,1,0,0,0.547780724,4
1892,1,6.667356762,16,0,0,1,1.803054427,4
1893,0,8.982468279,11,1,0,0,2.309975848,3
1894,1,11.41329158,0,0,0,0,3.093363943,1
1895,1,8.71178316,2,0,0,0,2.615900724,2
1896,1,8.296937006,13,0,0,1,2.276918318,3
1897,1,14.65446831,25,0,1,0,1.051531526,4
1898,1,13.7175255,7,0,0,1,2.747706159,2
1899,0,16.66542564,10,0,0,0,2.621670104,2
1900,1,4.999179625,26,1,0,0,0.243298094,4
1901,0,12.1905702,13,1,0,0,2.194706521,3
1902,0,11.70389571,7,0,0,0,2.639906488,2
1903,1,7.394756217,28,1,0,1,0.833493418,4
1904,1,9.721150838,2,1,0,0,3.402401591,1
1905,1,6.275642866,6,1,0,0,2.616291695,2
1906,1,2.836887952,27,0,0,0,0.339715385,4
1907,1,4.276024213,18,1,1,0,1.69772878,4
1908,0,2.110272928,3,0,0,0,2.356856807,3
1909,1,13.6613915,24,0,0,0,0.84562484,4
1910,1,13.21454786,15,1,1,0,2.246545273,3
1911,0,19.01212743,12,0,1,1,2.478699183,3
1912,0,14.59356827,19,0,1,0,1.374288283,4
1913,1,1.040916775,18,1,0,1,1.355381045,4
1914,0,17.68490348,4,0,1,0,3.06049075,1
1915,1,17.25350326,22,1,1,0,1.556957122,4
1916,0,8.866406415,4,1,1,0,3.219531248,1
1917,0,11.71726101,19,0,0,1,1.150153548,4
1918,1,19.52156665,23,0,0,0,1.321429302,4
1919,0,10.64608728,3,1,1,1,3.491326588,1
1920,0,18.10643657,1,0,0,0,3.869586724,0
1921,0,1.660775156,25,1,0,0,0.170463613,4
1922,0,3.821037374,12,1,0,0,2.19738729,3
1923,0,8.815098869,29,0,0,0,0.021155583,4
1924,0,11.69513617,15,0,0,0,2.386799507,3
1925,1,16.32455704,21,1,0,1,1.361031288,4
1926,1,19.7652423,1,0,1,1,3.51068089,0
1927,0,7.777029929,18,0,0,1,1.43737075,4
1928,1,0.948312723,16,1,0,1,1.804417459,4
1929,1,16.02343007,4,1,1,1,3.262269864,1
1930,1,12.08761438,24,0,0,1,1.169658238,4
1931,0,3.970857177,17,0,0,0,1.401550934,4
1932,1,9.896569132,27,0,0,0,0.549601825,4
1933,0,14.84620491,22,1,0,0,1.516508268,4
1934,1,15.40823574,20,1,0,0,2.032219512,3
1935,0,9.99236824,17,1,1,1,2.289299775,3
1936,0,6.104290603,7,0,1,0,2.086687741,3
1937,1,19.47485164,26,1,1,0,1.66766699,4
1938,1,13.26725222,14,1,0,0,2.595889051,2
1939,0,8.164750387,12,0,0,0,1.950769177,4
1940,1,5.609264484,12,0,0,0,2.102541899,3
1941,1,14.62205966,15,1,0,0,1.3791672,4
1942,1,4.843668912,21,0,0,0,0.67219968,4
1943,0,3.434199779,19,0,1,0,1.141638567,4
1944,0,10.59667778,12,0,0,0,1.621012115,4
1945,1,5.799747853,19,0,0,0,1.122110973,4
1946,1,12.5781029,1,0,0,0,3.402044108,1
1947,1,2.358773497,2,0,0,0,2.683854739,2
1948,0,13.09882209,14,1,1,0,2.996856279,2
1949,0,5.66593056,22,1,1,1,1.284865711,4
1950,1,0.004858689,18,1,0,0,1.201053303,4
1951,1,2.538721153,12,0,0,1,1.978021718,4
1952,1,18.67230756,4,1,1,1,3.83669864,0
1953,1,17.34709278,25,1,1,1,1.179903407,4
1954,1,4.672180641,21,0,1,0,1.54005946,4
1955,1,15.56743809,5,0,0,0,3.158858262,1
1956,0,12.17143186,13,0,0,0,1.752496836,4
1957,1,19.41809423,3,1,0,0,3.045113482,1
1958,0,7.472113191,21,0,0,1,1.165603946,4
1959,1,13.62921225,18,1,1,0,1.785760791,4
1960,1,1.270714448,22,0,0,1,0.841108717,4
1961,0,7.924946936,6,0,0,1,2.397182558,3
1962,0,19.27635322,3,1,0,0,3.576909015,0
1963,0,10.77961749,1,0,1,0,3.225158275,1
1964,0,5.757590067,26,0,0,0,0,4
1965,1,2.405419263,6,1,0,0,2.806697764,2
1966,0,14.0705668,2,1,1,0,3.42183767,1
1967,1,12.89712087,14,0,0,1,2.105309279,3
1968,0,7.478774272,0,0,0,0,3.160902091,1
1969,1,19.01882704,1,0,0,0,2.99354156,2
1970,1,0.44405626,9,1,1,0,2.490220426,3
1971,1,6.074477033,15,0,1,0,2.13083278,3
1972,1,18.42138973,24,0,1,0,0.838464873,4
1973,1,6.418708766,27,0,1,0,0.676771033,4
1974,1,5.045056677,14,1,1,0,1.735956512,4
1975,0,10.6844082,23,1,1,0,1.254572618,4
1976,1,16.476035,14,1,0,0,1.922688235,4
1977,0,2.062935218,13,0,1,0,2.19199842,3
1978,0,18.86041419,21,1,0,1,1.757523486,4
1979,1,15.90145762,13,0,1,0,1.92410232,4
1980,0,3.625005111,5,0,1,0,2.80797413,2
1981,1,14.24015922,13,1,0,0,2.138772677,3
1982,0,7.699174453,16,0,0,0,1.363841047,4
1983,1,8.045893562,17,0,0,1,1.722726052,4
1984,0,15.66580185,19,1,0,1,1.192108472,4
1985,1,19.25569616,18,0,0,0,1.53478239,4
1986,1,2.533117457,29,0,0,1,0.115243211,4
1987,1,8.412604738,16,0,0,1,1.562359564,4
1988,1,9.618832162,15,0,1,0,2.096032625,3
1989,0,7.526236339,7,1,0,1,3.009238323,1
1990,1,7.263782474,6,0,0,0,2.071108065,3
1991,0,1.045373351,19,1,0,0,1.747356452,4
1992,0,13.71077241,27,0,1,1,1.079867369,4
1993,0,8.724288342,11,0,0,0,2.271400211,3
1994,1,3.895876053,8,0,0,1,2.117233031,3
1995,0,16.32067005,26,1,0,0,0.743592358,4
1996,0,16.05121496,13,0,0,1,1.892745845,4
1997,0,9.727832562,19,1,0,0,1.586464189,4
1998,1,5.969013223,0,0,0,0,3.512322895,0
1999,1,12.76185452,9,1,0,0,2.629211521,2
2000,0,5.763042716,16,1,1,1,1.8366428,4
2001,1,4.720158606,16,1,1,0,1.83435914,4
2002,1,14.61029308,16,1,0,0,1.766055977,4
2003,0,0.806504794,3,0,1,0,3.201710217,1
2004,0,1.895369421,16,1,0,0,1.263890772,4
2005,1,0.13576348,17,0,0,1,1.427724376,4
2006,0,3.05886373,19,0,0,0,1.070707952,4
2007,1,1.379800174,22,0,0,0,0.832717506,4
2008,1,19.91604736,1,0,0,0,3.130222795,1
2009,1,5.776199399,7,0,1,0,2.537098951,2
2010,1,2.985360253,12,0,1,0,1.671076182,4
2011,1,4.81992516,22,0,0,1,0.81655066,4
2012,1,18.72251143,24,0,0,1,1.131402736,4
2013,0,10.40320446,29,0,0,0,0.333154228,4
2014,0,7.296361926,21,1,0,0,1.48906302,4
2015,1,17.46782916,19,1,0,1,1.683330032,4
2016,1,7.899805411,21,1,1,0,1.921942134,4
2017,1,6.700171399,14,0,0,0,1.940006922,4
2018,0,4.145650451,19,0,1,0,1.065848673,4
2019,1,7.555936478,22,1,0,0,0.968986131,4
2020,0,6.33368712,8,1,1,0,2.68614499,2
2021,1,13.54607919,2,1,1,1,3.520612392,0
2022,1,5.791654093,2,0,1,0,2.815973296,2
2023,0,11.54399493,1,0,1,1,3.487510668,1
2024,0,1.317843301,0,1,0,0,3.592128978,0
2025,1,3.825783134,13,0,0,0,1.578441665,4
2026,1,8.148105432,16,0,1,0,1.886008174,4
2027,1,18.73898508,12,1,0,1,2.366010872,3
2028,0,7.545039714,18,1,1,0,2.434934379,3
2029,0,13.28148242,29,0,0,0,0.393186471,4
2030,0,5.101744448,22,0,0,1,0.713267665,4
2031,0,2.540671519,14,1,0,1,2.57444997,2
2032,0,1.170732002,26,0,1,1,0.700539867,4
2033,0,6.108269971,24,1,1,0,1.586289237,4
2034,1,3.153220536,13,1,0,1,2.058575293,3
2035,1,3.48020896,1,1,0,0,3.129640051,1
2036,0,15.21518617,6,1,1,1,3.539198712,0
2037,1,0.316761419,16,0,1,1,2.059966656,3
2038,1,11.15620251,17,0,0,1,1.756035495,4
2039,0,7.589227612,5,0,1,1,2.622601052,2
2040,1,10.131,26,0,0,0,0.262861167,4
2041,0,11.25660474,20,0,0,1,1.704415089,4
2042,0,6.267353889,7,0,0,0,2.104449931,3
2043,1,5.902177204,27,1,1,1,0.83751232,4
2044,0,14.66803699,26,0,1,1,0.556828033,4
2045,0,17.42553976,1,0,1,0,3.350130974,1
2046,0,3.851632649,0,0,1,0,3.279646224,1
2047,0,1.952375211,15,0,0,1,1.556328957,4
2048,0,17.95591613,6,0,1,0,2.846378753,2
2049,0,6.997909273,21,0,0,0,1.137899801,4
2050,0,11.02634781,23,0,1,0,1.391787779,4
2051,0,7.19086289,10,1,0,0,2.182795221,3
2052,1,2.516046727,14,1,1,0,2.253871179,3
2053,1,11.7866329,12,1,1,0,2.254020037,3
2054,1,10.50281704,29,0,1,0,0.392549011,4
2055,0,4.059871184,23,0,1,1,1.484857697,4
2056,0,9.037380893,1,0,0,0,2.672093364,2
2057,1,15.93895008,13,0,1,0,1.831511281,4
2058,1,11.80852206,23,0,0,0,0.758182974,4
2059,1,1.938346541,5,0,1,0,2.938175467,2
2060,0,10.96042994,8,1,1,0,3.054924125,1
2061,1,14.05476599,27,0,0,1,0.9175822,4
2062,1,15.85406812,6,0,1,0,3.460884653,1
2063,0,12.58235157,17,0,0,0,1.841907749,4
2064,1,3.053163291,23,0,1,1,1.185985514,4
2065,0,14.20346533,8,1,1,0,2.422230686,3
2066,0,13.54683692,22,0,0,0,0.912660673,4
2067,0,0.488537659,3,0,0,1,3.073304473,1
2068,1,8.234953352,8,0,0,0,2.167282956,3
2069,1,6.659004939,3,0,1,1,2.553864498,2
2070,0,13.38824129,11,0,1,0,2.448602519,3
2071,1,4.322716246,3,1,0,0,3.463239305,1
2072,1,11.81743846,24,1,1,1,1.442868859,4
2073,1,18.26411924,29,1,0,0,0.913127809,4
2074,1,15.95604744,23,0,0,0,0.923753225,4
2075,0,18.42915472,19,0,0,1,1.843597083,4
2076,1,19.57011934,13,0,0,0,2.096645441,3
2077,0,0.21340254,23,1,0,1,0.875367124,4
2078,0,12.45482553,23,1,0,1,1.449000321,4
2079,1,8.256787955,6,1,0,0,3.081193555,1
2080,0,17.19708981,25,0,1,0,1.118752405,4
2081,1,5.03629404,12,0,0,0,2.0622007,3
2082,1,19.62058978,21,0,0,1,1.562911635,4
2083,0,12.27415939,7,0,0,0,2.492838108,3
2084,0,15.87074804,22,0,0,0,1.100172041,4
2085,0,1.711991056,4,0,0,0,2.693598516,2
2086,0,3.669157695,11,1,0,0,1.684842207,4
2087,1,15.16807346,12,0,1,0,2.423585367,3
2088,1,0.439730441,28,0,1,1,0.405052613,4
2089,1,16.33755972,19,0,0,0,0.651340702,4
2090,0,0.278980374,13,0,0,0,1.79485975,4
2091,0,13.14237678,27,1,0,1,0.963631931,4
2092,0,7.301878405,17,0,0,0,1.930782797,4
2093,1,12.22989705,26,0,1,1,0.994334751,4
2094,0,13.92062814,23,1,1,0,1.354327034,4
2095,1,6.849504384,24,0,1,0,0.703573144,4
2096,0,2.159248962,19,0,0,1,1.523945155,4
2097,1,1.392917355,3,1,1,0,3.358694269,1
2098,1,11.77872045,20,1,0,0,1.765695173,4
2099,0,10.41310707,17,0,0,0,1.787402596,4
2100,0,14.84402018,6,0,0,1,3.154023246,1
2101,1,10.1947102,14,0,1,1,2.005144713,3
2102,1,8.448915801,20,1,1,0,1.72075965,4
2103,0,7.961743565,5,0,0,1,3.127056224,1
2104,0,0.528938052,15,1,0,0,1.441918756,4
2105,1,6.711144034,19,1,1,0,1.620921239,4
2106,0,19.52040315,23,1,1,1,2.19621735,3
2107,1,17.47111152,7,0,0,1,3.103075343,1
2108,1,6.587561341,27,0,1,0,0.473623396,4
2109,0,11.7559081,20,0,0,0,1.043865867,4
2110,0,16.94593491,15,1,1,0,2.385530671,3
2111,0,8.825486735,27,0,0,1,0.270110314,4
2112,0,0.359157275,21,0,0,1,0.438981741,4
2113,0,1.490209236,15,0,1,0,1.558059855,4
2114,1,10.20785443,2,0,1,1,3.680961344,0
2115,1,19.38878751,16,0,0,1,2.11058376,3
2116,0,13.86419084,8,0,0,1,3.291540841,1
2117,0,1.418323829,24,0,0,0,0.427763354,4
2118,0,3.787217516,2,0,0,0,2.846487469,2
2119,1,15.42646286,19,0,1,0,1.772355433,4
2120,0,16.8287952,28,1,0,0,0.797517669,4
2121,0,12.35389172,6,1,1,1,3.520931453,0
2122,1,12.88846339,17,0,0,1,1.591365738,4
2123,1,0.566749008,11,0,1,0,1.864073652,4
2124,0,16.57060519,18,1,0,1,2.411840622,3
2125,0,15.76550416,15,0,0,0,2.137692088,3
2126,0,5.180702882,21,0,0,0,1.07333339,4
2127,1,14.1735344,26,0,1,0,0.312479581,4
2128,0,4.297092128,23,0,0,0,0.502226121,4
2129,0,0.806603221,16,0,0,0,1.490308897,4
2130,0,4.022730852,19,1,1,0,0.876544106,4
2131,1,3.572577535,14,1,1,1,2.051919032,3
2132,1,6.754959935,0,0,1,0,3.294332437,1
2133,0,8.368989944,1,0,0,0,2.607839353,2
2134,0,10.17077783,7,0,0,0,2.207001981,3
2135,1,9.53507751,21,0,1,1,1.629355896,4
2136,1,5.413492119,24,0,0,0,0.493741135,4
2137,1,0.583413371,1,0,0,1,3.204313181,1
2138,1,12.10203244,18,1,0,0,2.068111785,3
2139,1,7.914896597,8,0,1,0,2.281345006,3
2140,1,5.973443148,8,1,0,1,2.482172408,3
2141,1,17.33882086,12,0,1,0,2.622179002,2
2142,1,14.93486616,5,0,0,0,3.350591979,1
2143,1,17.15531097,29,0,1,0,0.841175754,4
2144,0,9.899655894,14,0,1,0,2.371982915,3
2145,0,2.618625043,18,1,0,1,1.922591349,4
2146,0,13.92442872,20,0,0,0,1.007517308,4
2147,1,4.121475599,14,0,1,0,1.55387334,4
2148,0,8.824593382,17,0,0,0,1.247692796,4
2149,1,1.300015779,6,0,1,0,2.460743527,3
2150,1,16.50616805,25,0,1,0,0.963340431,4
2151,0,2.518812821,10,0,0,0,2.083697986,3
2152,1,18.06195014,7,1,0,0,2.942198842,2
2153,0,17.28461205,5,1,0,0,3.179450768,1
2154,0,9.291655289,7,0,1,0,2.627337296,2
2155,0,14.88736409,1,0,0,0,3.109493579,1
2156,1,12.38890148,18,0,1,0,1.422917512,4
2157,0,16.06151285,15,0,1,1,2.058204484,3
2158,1,8.636102016,6,1,0,0,2.917010983,2
2159,0,15.71616968,9,1,0,1,3.184442107,1
2160,0,9.249136341,11,0,0,0,2.605375369,2
2161,0,18.81931576,16,0,1,1,2.346025741,3
2162,1,9.727442017,6,1,0,0,2.239463986,3
2163,1,9.252385439,21,1,0,0,1.751163358,4
2164,1,15.70143723,7,0,1,1,2.952721567,2
2165,0,16.43155384,6,0,0,1,3.072136606,1
2166,0,11.08978229,3,0,0,0,2.809311539,2
2167,1,3.59595627,2,1,0,0,2.644059861,2
2168,1,9.355164619,18,0,1,0,1.397429095,4
2169,1,19.36145006,14,1,0,0,2.440060526,3
2170,1,15.05972386,3,0,0,0,2.626819238,2
2171,1,16.22325208,24,0,1,1,1.468428885,4
2172,1,0.656509976,8,0,0,0,2.380666917,3
2173,0,9.357189253,12,1,1,0,2.303453349,3
2174,1,12.93242267,17,0,0,0,1.596128103,4
2175,0,16.60065367,20,1,0,1,1.685389146,4
2176,0,0.985473072,15,0,0,1,1.89700035,4
2177,1,17.04877771,0,1,0,0,3.496776545,1
2178,1,10.96801873,3,1,0,0,3.361230858,1
2179,0,3.946279412,17,0,0,0,0.82170167,4
2180,1,6.345104329,7,1,0,0,2.640476136,2
2181,1,5.638591035,19,0,0,0,0.897216927,4
2182,0,10.61718069,15,0,0,1,1.674676218,4
2183,0,1.033713598,20,0,0,1,0.906353743,4
2184,0,3.17072317,10,1,0,0,2.419028937,3
2185,1,16.25386087,19,1,1,0,2.131447069,3
2186,0,2.652079815,20,0,0,0,1.030802659,4
2187,1,4.667925389,20,1,0,0,1.50951986,4
2188,0,9.067412112,20,0,1,1,1.789239837,4
2189,0,10.34241776,26,1,0,0,0.596417017,4
2190,0,15.27220959,18,0,0,0,1.414555678,4
2191,1,8.946648533,22,0,0,1,1.242176324,4
2192,1,15.79729242,18,0,1,0,1.934783812,4
2193,0,12.36692614,17,0,0,1,2.315769875,3
2194,0,2.261994788,18,0,1,1,1.81861256,4
2195,0,3.126628768,10,0,1,1,2.36312146,3
2196,1,8.740674509,2,0,0,0,2.791339403,2
2197,0,7.937787862,7,1,1,0,2.954534084,2
2198,1,14.87088539,19,0,0,0,1.812887043,4
2199,0,11.6147428,18,1,0,0,1.141456556,4
2200,0,7.76266162,9,0,0,1,2.29536228,3
2201,0,3.415205669,15,0,1,0,1.677100802,4
2202,0,4.536742047,4,0,0,0,2.752163931,2
2203,0,11.51002037,19,1,0,0,1.201444582,4
2204,0,8.468776098,8,1,1,1,2.901185607,2
2205,1,10.29855018,7,0,1,0,2.676827394,2
2206,0,3.413548706,10,0,1,0,2.297639913,3
2207,1,13.25812505,15,0,0,0,1.451441021,4
2208,0,17.05077482,6,0,0,1,2.981786874,2
2209,0,5.158790136,14,1,0,0,1.415221491,4
2210,1,9.830284517,23,0,1,0,0.928539344,4
2211,0,19.51054658,28,0,0,0,0.984031783,4
2212,1,6.664834811,20,1,1,0,1.382935705,4
2213,1,11.9009269,19,1,0,1,1.863899822,4
2214,0,1.803914004,22,0,1,1,1.228428847,4
2215,1,12.12030005,16,0,1,0,2.137393265,3
2216,1,1.792635466,5,0,1,0,2.434532444,3
2217,0,19.18470871,14,0,0,0,2.256488312,3
2218,1,14.31325304,7,0,0,1,2.689155112,2
2219,0,15.76319576,6,1,0,0,3.131235885,1
2220,0,14.08208722,1,1,0,1,3.770283973,0
2221,0,11.79458072,29,0,0,1,0.799591198,4
2222,0,8.998255622,12,0,1,1,2.964668231,2
2223,1,17.1674676,29,0,0,1,0.702760319,4
2224,0,19.13671335,22,0,1,0,1.193617771,4
2225,0,9.980723458,28,0,0,1,0.299951906,4
2226,1,18.63070098,5,0,0,1,3.299578873,1
2227,0,11.6666582,28,0,0,0,0.212367095,4
2228,0,10.76768374,4,0,1,1,3.526125038,0
2229,1,9.089654659,19,0,0,1,1.611737954,4
2230,1,4.185755231,0,0,1,1,3.343050864,1
2231,1,0.074393216,28,0,0,0,0.026468661,4
2232,1,4.830124537,17,0,1,0,1.63640311,4
2233,1,10.19446343,14,0,0,0,1.709701378,4
2234,1,7.599199045,22,0,0,1,1.485111828,4
2235,1,8.96970456,9,0,1,1,2.999409147,2
2236,0,19.61296439,2,1,1,0,3.51541583,0
2237,1,7.005447413,4,0,0,0,2.918139128,2
2238,1,9.043658787,23,0,1,1,1.362233599,4
2239,1,2.670311027,28,0,0,0,0.20506796,4
2240,0,0.959154649,12,0,1,0,2.233239466,3
2241,0,15.50819029,7,1,0,1,3.159302938,1
2242,1,11.4136635,21,1,0,0,1.994611703,4
2243,1,15.21409612,20,0,0,0,0.999088544,4
2244,1,2.997255978,28,0,1,1,0.521955726,4
2245,0,11.43657542,1,0,1,0,3.463687549,1
2246,0,5.072849487,8,0,0,1,1.987964727,4
2247,1,4.561236338,16,0,1,0,1.681904804,4
2248,0,0.230520281,26,0,0,0,0.112635059,4
2249,1,2.606814471,17,0,1,0,1.907983914,4
2250,0,6.18536223,12,0,0,0,1.197933331,4
2251,0,2.337575212,0,1,0,0,3.215272685,1
2252,1,19.71716881,11,0,0,0,2.190269259,3
2253,1,6.17265297,19,0,0,0,1.150966131,4
2254,1,2.606478934,19,0,0,0,0.690151345,4
2255,1,3.981646257,20,0,1,0,1.519955292,4
2256,0,11.75406457,4,1,0,0,3.16898861,1
2257,0,1.280870477,7,0,1,0,1.808164559,4
2258,0,17.2486826,26,1,1,0,1.11587873,4
2259,1,19.22999358,14,0,0,0,2.00330798,3
2260,0,4.934948413,26,1,0,0,0.889714915,4
2261,1,9.001905372,2,1,1,1,3.984673603,0
2262,0,0.442689021,5,0,1,0,2.325434065,3
2263,1,12.81420449,27,0,1,0,0.613316332,4
2264,1,8.278521161,12,1,1,1,2.712229743,2
2265,0,5.401169322,11,0,0,0,2.096616211,3
2266,1,4.136742212,18,0,1,0,1.18306385,4
2267,1,13.08046155,28,0,0,0,0.560174606,4
2268,0,8.324340621,17,0,0,0,1.167425413,4
2269,1,3.593185781,23,0,1,0,0.923181562,4
2270,1,13.78218163,0,0,1,0,3.841286249,0
2271,1,11.30144566,24,0,1,1,1.212880751,4
2272,0,17.1734411,26,0,0,0,0.96214922,4
2273,0,2.349517978,6,1,1,0,2.502009134,2
2274,1,15.71333204,11,0,1,0,2.456223794,3
2275,0,13.47033574,9,1,1,0,2.646556961,2
2276,1,2.300218737,28,1,0,0,0.381768495,4
2277,1,13.8964146,11,1,1,1,2.396139095,3
2278,1,8.830945778,10,1,0,1,2.595648863,2
2279,1,18.89969571,3,1,1,1,4,0
2280,1,2.832227012,18,1,1,0,1.419522635,4
2281,0,12.85666782,5,0,1,1,3.432684708,1
2282,1,7.639600909,24,0,0,0,0.129306752,4
2283,0,19.13629341,8,1,0,0,2.928948238,2
2284,0,6.599497906,19,0,0,0,0.947133463,4
2285,1,19.24371819,9,1,0,1,2.999544104,2
2286,1,18.02971702,4,1,1,0,3.055386295,1
2287,0,5.407664706,26,0,0,0,0,4
2288,0,16.07083554,12,1,0,1,2.745858798,2
2289,0,19.91208404,8,0,1,0,3.214628426,1
2290,1,5.053260043,1,0,0,0,3.415413324,1
2291,0,8.735543386,17,0,1,0,1.469389272,4
2292,1,10.40361473,20,0,0,0,1.552112938,4
2293,1,5.898622716,0,0,0,0,3.548459826,0
2294,1,0.305296793,23,0,1,0,0.192625112,4
2295,0,4.402584884,20,0,0,0,1.34899742,4
2296,1,5.638737687,11,1,0,1,2.143105069,3
2297,1,8.871994026,9,0,0,1,2.471386533,3
2298,1,3.422049568,1,0,0,1,3.205425334,1
2299,1,17.46508713,27,0,1,0,0.454114438,4
2300,1,14.09822265,8,1,1,0,2.809833207,2
2301,0,1.704009551,1,1,0,0,2.997505608,2
2302,1,13.00184902,22,0,1,1,1.176189034,4
2303,1,13.07312953,23,0,1,1,1.668924546,4
2304,0,19.12442347,29,1,1,1,1.623004075,4
2305,1,0.060417427,21,0,0,0,0.517793128,4
2306,0,4.958648996,13,0,1,0,1.946100698,4
2307,1,18.55582959,10,0,0,1,2.815003048,2
2308,0,18.64267831,22,0,1,0,1.248182567,4
2309,0,14.41172839,10,1,1,0,2.759014343,2
2310,1,15.31526642,16,0,0,1,1.921294208,4
2311,1,1.829659159,3,0,0,0,2.732290676,2
2312,1,10.2775167,12,0,0,0,2.228608619,3
2313,0,4.631659826,6,1,0,0,2.611688473,2
2314,0,3.624360872,15,1,0,0,2.197776727,3
2315,0,16.20606598,0,1,1,0,3.335506793,1
2316,1,2.700762734,12,0,0,0,1.721597963,4
2317,0,9.37303274,0,0,0,1,3.287973198,1
2318,0,18.77156479,10,1,0,0,2.561964557,2
2319,1,3.716641111,5,0,0,0,2.358571866,3
2320,0,19.55986847,19,1,0,0,1.497673654,4
2321,0,19.88575972,2,0,1,0,3.517237129,0
2322,1,11.11234309,11,0,0,0,2.40408982,3
2323,0,3.402854804,4,0,1,1,2.517228982,2
2324,1,6.322097759,8,1,0,0,2.435244282,3
2325,1,8.489856654,25,1,1,0,1.283227506,4
2326,1,6.186484487,25,0,0,1,1.099434304,4
2327,1,5.612711598,11,0,1,0,2.191196795,3
2328,1,19.44459418,29,1,1,0,1.584478764,4
2329,0,3.067296548,29,0,1,0,0.475730833,4
2330,0,14.66655817,27,1,1,0,1.207268546,4
2331,1,0.008205789,26,0,1,0,0.264924163,4
2332,1,11.92365339,9,0,1,0,2.70665962,2
2333,0,18.31886008,18,0,1,0,1.530427889,4
2334,1,5.758681882,4,0,1,1,3.127452528,1
2335,1,3.710519505,25,0,1,0,1.003614146,4
2336,1,13.0335959,4,0,0,0,3.369218605,1
2337,0,14.25202815,8,0,0,0,2.791386108,2
2338,0,13.76061038,26,0,1,0,0.673525946,4
2339,1,6.3863376,27,0,0,0,0.337554141,4
2340,1,5.044048043,25,1,1,0,0.886889416,4
2341,0,19.118376,26,0,0,1,1.506662773,4
2342,0,18.46599017,19,0,0,1,1.705199389,4
2343,1,9.146332198,16,0,1,0,1.972791414,4
2344,1,16.92387732,9,0,0,1,2.626082829,2
2345,0,9.046469553,20,1,0,0,1.671968653,4
2346,0,8.487780361,0,0,0,0,3.093760925,1
2347,0,3.135258952,21,1,0,1,1.64337376,4
2348,1,8.52812113,27,0,1,1,0.339206699,4
2349,0,10.74833877,15,0,0,0,1.926359068,4
2350,1,0.450086549,25,0,1,0,0.449906208,4
2351,0,8.882260104,25,1,0,0,0.709570839,4
2352,0,15.62712437,14,1,1,0,1.748279682,4
2353,0,13.60092113,22,0,0,1,0.972168258,4
2354,0,12.70313978,16,1,0,0,1.934935784,4
2355,1,18.19110857,25,0,0,0,0.690347884,4
2356,1,0.360640197,19,1,0,0,0.730366159,4
2357,0,11.14095172,24,0,0,0,0.682265165,4
2358,1,15.74697697,12,0,1,1,3.023482483,1
2359,0,10.82670765,0,0,0,1,3.729652301,0
2360,0,6.477911052,24,1,0,0,0.841963225,4
2361,0,2.725011302,7,1,0,0,2.584174279,2
2362,0,17.75126144,4,1,1,0,3.372126043,1
2363,1,9.415247848,5,1,0,0,3.060805402,1
2364,0,17.56230394,22,0,0,0,1.168052,4
2365,0,11.71704245,19,1,0,0,1.349256122,4
2366,1,13.48384233,29,1,1,0,1.117964826,4
2367,0,16.08522309,13,0,1,0,2.578667734,2
2368,0,13.18311089,21,0,0,1,1.625551955,4
2369,0,7.961096814,22,0,0,0,0.934016396,4
2370,1,10.27266768,10,1,0,1,2.70263834,2
2371,0,16.06091049,5,1,1,0,2.964009263,2
2372,1,7.473005927,10,1,0,1,2.267458132,3
2373,0,7.762429135,12,1,1,0,1.753623068,4
2374,0,1.913802321,11,1,0,1,2.023234082,3
2375,1,18.2916887,21,1,0,0,1.678012532,4
2376,0,1.820726299,1,1,0,1,3.659836405,0
2377,0,12.96418355,20,0,1,1,1.362744369,4
2378,1,8.263889576,2,0,1,0,2.813805768,2
2379,1,8.112387805,22,0,1,0,1.302711984,4
2380,1,13.59103673,3,1,0,1,3.383911479,1
2381,1,1.341874653,16,0,0,1,1.378751308,4
2382,1,11.87411566,27,0,0,1,0.731486867,4
2383,0,15.44063572,27,0,0,1,0.400569479,4
2384,1,16.56425516,21,0,0,1,1.729073167,4
2385,0,3.410607788,5,0,0,0,2.615653765,2
2386,0,17.948381,6,0,0,0,2.986942737,2
2387,0,13.12292184,14,0,0,0,2.126988971,3
2388,1,17.63709602,10,0,1,0,2.70811104,2
2389,1,9.705614342,23,0,0,0,0.815777369,4
2390,0,10.8406669,2,0,1,0,2.524423895,2
2391,1,18.38076554,29,0,0,0,0.908238604,4
2392,1,17.99819087,5,0,1,0,3.055690207,1
2393,1,8.963217467,25,0,0,0,0.837946898,4
2394,1,5.488252633,1,0,0,0,2.833576111,2
2395,0,7.863408691,28,1,1,0,0.785213568,4
2396,0,7.755286571,13,0,0,0,1.885614785,4
2397,1,5.7373375,8,0,1,1,2.701230508,2
2398,0,5.371592087,17,0,1,0,1.521915901,4
2399,1,17.22125873,18,0,0,1,1.879725987,4
2400,1,1.397238414,11,0,1,0,2.037348017,3
2401,0,13.55222364,12,0,1,0,2.520673675,2
2402,0,3.456401029,25,0,0,0,0.136165908,4
2403,0,6.890117868,11,0,1,0,1.974655245,4
2404,1,1.230860683,11,0,1,0,2.194980372,3
2405,0,5.399472737,17,1,0,0,1.717995924,4
2406,1,15.36842142,8,0,0,1,2.510328721,2
2407,0,17.70030649,16,1,0,1,2.434950557,3
2408,0,4.430543038,20,0,1,1,1.355053462,4
2409,1,9.270956785,15,0,1,1,1.545255105,4
2410,1,9.406480959,16,0,1,0,1.619030513,4
2411,1,17.47150612,20,1,0,0,2.020741652,3
2412,1,15.25598106,23,0,0,0,0.983576997,4
2413,1,10.26154437,7,0,1,0,2.062468267,3
2414,1,13.41494401,10,0,0,1,2.644194209,2
2415,1,16.94710108,23,0,1,1,1.347863829,4
2416,1,0.190779081,1,1,1,1,3.055253982,1
2417,0,8.057800621,7,0,0,1,2.513692715,2
2418,1,18.14486335,11,0,0,0,2.340371914,3
2419,1,14.80626062,20,0,0,0,1.582093266,4
2420,0,10.85682749,0,0,1,0,3.565524163,0
2421,1,10.59289054,22,0,1,1,1.60147255,4
2422,0,6.955401952,12,0,1,1,2.637266429,2
2423,0,10.41041067,21,0,0,0,0.905209948,4
2424,1,13.10766399,20,1,0,0,1.576756471,4
2425,0,8.367260769,16,0,1,0,1.785051808,4
2426,1,14.28306293,13,1,0,0,1.880065093,4
2427,0,17.22464455,13,0,1,1,2.555223105,2
2428,0,3.093696964,15,0,0,0,1.574306088,4
2429,0,9.030940456,16,0,0,0,1.813846622,4
2430,1,8.160401826,5,1,0,0,2.584468263,2
2431,1,13.74929608,25,0,0,1,0.529798609,4
2432,0,4.997349305,27,0,1,0,0.714651286,4
2433,0,12.8050183,6,0,0,0,2.737474166,2
2434,1,17.54978483,25,1,1,0,1.270529562,4
2435,1,8.362631996,25,0,0,0,0.750888043,4
2436,0,18.220314,0,0,0,0,3.752639353,0
2437,0,19.86327478,24,0,0,1,1.162257801,4
2438,1,2.121840999,14,1,0,1,1.871465901,4
2439,1,4.66106376,19,1,0,0,1.074937389,4
2440,1,19.00759503,20,0,1,0,1.312772414,4
2441,1,19.16655373,17,0,0,1,1.702881675,4
2442,1,1.954145508,29,1,0,0,0.540375157,4
2443,0,0.299970008,27,1,0,0,0.341822388,4
2444,1,3.222000465,25,0,0,0,0.269720862,4
2445,0,19.92025567,12,1,0,0,2.504167767,2
2446,1,3.599992332,23,0,1,0,0.530358189,4
2447,0,10.05095213,29,0,0,1,0.82010553,4
2448,1,16.96835453,1,1,0,1,3.408489771,1
2449,1,0.408032214,18,0,1,0,1.350329806,4
2450,0,12.08977965,14,1,0,1,2.029736582,3
2451,0,5.540508977,11,0,0,0,1.774531103,4
2452,1,17.24669833,14,0,0,0,1.991909949,4
2453,1,5.669222985,24,1,0,0,0.754035723,4
2454,1,13.73511441,17,0,0,0,1.491382129,4
2455,1,13.48439265,13,0,1,1,2.157391833,3
2456,1,4.429870977,5,1,1,1,3.107348401,1
2457,0,0.695983997,11,0,1,1,1.999571861,4
2458,0,8.184991476,19,0,0,0,1.363340948,4
2459,1,5.783863039,22,1,1,0,1.306868039,4
2460,0,16.17955499,29,0,0,0,0.588555623,4
2461,0,16.00728377,29,1,0,1,0.681956139,4
2462,0,9.140479044,5,1,0,0,2.818581824,2
2463,1,12.13024451,25,0,0,0,0.744692833,4
2464,0,12.08519032,29,0,1,0,0.725192946,4
2465,1,16.54316297,8,1,1,0,2.92682044,2
2466,0,8.500048282,29,0,1,1,0.552257573,4
2467,1,5.508933596,24,0,1,1,1.298729107,4
2468,0,5.300698363,25,0,1,1,1.186737828,4
2469,1,10.72384559,3,0,0,1,3.332788588,1
2470,1,8.982964055,16,0,0,0,1.489067021,4
2471,0,8.80241542,1,1,1,0,3.307378114,1
2472,1,1.822746782,15,1,0,0,1.610940683,4
2473,1,14.37207481,23,0,1,1,2.057378501,3
2474,1,4.27473376,13,0,0,0,1.673711404,4
2475,1,3.939072604,25,0,0,0,0.490630062,4
2476,1,8.255166406,7,0,0,0,2.231656972,3
2477,1,4.555566832,13,1,1,0,2.259451154,3
2478,1,11.67716535,1,1,0,0,3.45446246,1
2479,1,7.429266787,15,1,1,0,2.15861017,3
2480,0,8.978234452,3,0,0,1,2.747908443,2
2481,0,10.74338643,0,0,1,0,3.32390296,1
2482,1,4.07071045,22,0,0,0,0.909763533,4
2483,1,3.115032457,19,0,0,1,1.1678958,4
2484,0,17.60843806,26,0,0,0,1.220417976,4
2485,0,8.674474057,13,1,0,0,2.334525644,3
2486,0,8.241872193,7,1,0,0,2.844732262,2
2487,1,0.712243005,24,1,1,0,0.972247738,4
2488,0,9.959526052,27,1,0,0,0.856397043,4
2489,1,11.08339443,24,0,0,0,0.952675033,4
2490,1,11.17681742,2,0,0,1,3.235302581,1
2491,0,14.14062339,4,0,0,0,2.533432396,2
2492,1,3.5496367,5,0,0,0,2.772388537,2
2493,1,5.044462685,21,0,0,0,0.946767905,4
2494,1,16.2146093,25,1,0,1,1.315464371,4
2495,1,18.94341234,7,0,0,1,3.318208029,1
2496,0,2.718654947,5,0,0,0,2.33110892,3
2497,0,9.95299109,5,0,1,0,2.905973098,2
2498,1,4.283525055,3,0,0,1,3.344575198,1
2499,1,1.201463367,6,0,0,0,2.168178925,3
2500,0,6.510066763,29,0,0,0,0.211194223,4
2501,1,2.873752504,29,0,0,0,0,4
2502,0,14.19866147,23,1,0,0,0.893986013,4
2503,1,10.67450827,18,0,1,0,1.830793245,4
2504,1,2.87668942,6,0,0,0,2.465117414,3
2505,0,0.184831768,2,0,1,0,2.650522344,2
2506,0,16.16314098,7,1,0,0,3.161961511,1
2507,0,3.523888123,0,0,1,0,2.905702974,2
2508,0,12.12433284,0,1,1,0,3.732684701,0
2509,1,6.738438262,13,1,0,1,2.109686328,3
2510,0,11.70971877,5,1,0,0,2.546634578,2
2511,1,6.31307254,9,0,0,0,2.115603969,3
2512,0,1.738791214,24,0,1,0,0.48378939,4
2513,0,4.459000171,27,0,0,0,0,4
2514,1,3.76117133,13,0,0,0,1.811155481,4
2515,0,8.560387049,3,0,0,0,2.674162551,2
2516,0,13.16567567,5,1,0,0,3.102745561,1
2517,0,5.276121499,15,1,1,0,2.432896398,3
2518,0,0.241398706,27,0,1,1,0.591872336,4
2519,1,10.37874729,20,0,0,1,1.419798985,4
2520,1,12.11518979,27,1,0,1,1.364982521,4
2521,0,19.25740988,0,0,0,0,3.524855823,0
2522,0,11.78941606,5,0,1,0,3.056218177,1
2523,0,9.423451188,8,0,1,1,2.570682492,2
2524,1,11.46803252,14,1,0,0,2.134832886,3
2525,1,18.5580126,11,0,0,1,2.301932108,3
2526,1,16.56756291,2,1,1,0,3.354368116,1
2527,1,6.459574667,10,0,0,0,2.252575524,3
2528,0,4.745087273,14,0,0,0,2.059778342,3
2529,0,5.252672247,2,0,0,0,2.705024407,2
2530,0,10.08842079,13,0,0,0,1.820843734,4
2531,1,14.88098902,1,0,0,0,3.260950491,1
2532,0,10.06438414,28,0,1,0,0.741527556,4
2533,1,1.355927917,3,1,0,0,2.943750198,2
2534,1,14.47161401,25,0,0,0,0.447482856,4
2535,0,16.11940257,18,1,0,0,1.844059264,4
2536,0,5.789957302,11,1,1,0,1.899197563,4
2537,0,13.28251479,1,1,0,0,3.378845727,1
2538,1,8.531838021,16,1,0,0,1.666640098,4
2539,1,17.78238711,2,0,0,0,3.309453585,1
2540,0,16.90451116,9,0,1,1,2.761823751,2
2541,0,10.50863997,15,1,0,0,2.042537979,3
2542,1,13.83011092,21,1,0,1,1.487476937,4
2543,0,17.66699402,8,1,0,1,2.873972282,2
2544,1,9.914340202,10,0,0,0,2.015949465,3
2545,1,6.26501481,20,0,1,0,1.070296764,4
2546,0,15.07332276,14,0,1,0,2.605399264,2
2547,0,4.401325096,2,1,0,0,3.363389119,1
2548,0,7.77062296,15,0,0,1,2.125090595,3
2549,0,17.31454474,29,0,0,1,1.05066898,4
2550,1,14.48844681,20,0,0,0,1.580050524,4
2551,1,8.076220105,20,0,1,0,1.397062952,4
2552,1,4.294890048,20,0,0,1,1.165787162,4
2553,0,7.119367817,27,1,0,1,0.962072486,4
2554,1,5.682082985,11,1,1,0,2.310235179,3
2555,0,3.521785759,22,0,0,0,0.935779341,4
2556,0,14.86665827,4,0,0,0,2.93800283,2
2557,0,5.041397737,6,1,1,0,2.767151338,2
2558,0,9.083349403,8,0,1,1,3.026983311,1
2559,0,7.717188937,20,1,1,1,1.536419479,4
2560,0,19.64154757,17,0,1,1,2.495379497,3
2561,1,7.821844883,20,0,0,0,1.61557166,4
2562,0,1.599649656,7,0,0,1,2.210371328,3
2563,1,1.796515051,11,1,0,0,1.798015444,4
2564,1,11.81507443,19,0,1,0,1.566288518,4
2565,0,11.98727103,1,0,0,0,2.921386757,2
2566,0,8.37517981,9,0,0,0,2.519724823,2
2567,0,8.636873846,18,0,1,0,1.489207319,4
2568,1,1.078651657,8,0,0,0,1.663637124,4
2569,0,10.33093021,24,0,0,0,0.773784206,4
2570,1,10.09478951,23,0,0,1,0.891624046,4
2571,0,2.990986371,7,0,0,0,2.215087049,3
2572,0,2.076787722,23,0,0,0,0.651515021,4
2573,1,2.471449812,23,0,0,0,0.974017417,4
2574,1,2.02056493,23,0,0,1,0.341393542,4
2575,0,12.19416391,0,0,0,0,2.773483879,2
2576,1,3.929653048,5,0,0,0,2.497877304,3
2577,1,5.028603044,11,0,0,1,2.076443746,3
2578,1,3.471442883,24,0,0,0,0.773427636,4
2579,1,19.15670609,23,0,0,0,0.988153077,4
2580,1,17.09234926,18,0,0,1,1.37757284,4
2581,0,4.609896747,26,0,1,0,0.47659774,4
2582,0,6.551325878,16,0,1,1,1.836242137,4
2583,1,4.197856846,1,1,0,0,2.924032115,2
2584,0,9.837519189,10,1,0,0,2.288768203,3
2585,0,0.392210649,17,0,0,0,0.822107889,4
2586,1,13.42736018,22,0,1,1,1.467549103,4
2587,0,10.463163,27,1,1,0,0.654489821,4
2588,1,17.97277857,21,1,0,0,1.826265078,4
2589,1,3.287853687,10,0,1,0,2.167614892,3
2590,0,16.08218492,17,0,1,0,1.812581086,4
2591,1,15.83922029,7,0,0,1,3.010135528,1
2592,1,2.543623784,14,0,0,1,2.136653209,3
2593,1,7.971184483,8,0,0,0,2.296814521,3
2594,1,3.403052823,14,0,0,0,1.499666675,4
2595,1,5.094410009,6,1,0,0,2.527606694,2
2596,0,5.264923497,19,0,1,0,1.378777262,4
2597,0,11.12472788,12,0,0,1,2.461977068,3
2598,1,8.228218635,12,0,0,0,2.142708088,3
2599,1,18.95465608,0,0,1,0,3.478519715,1
2600,0,2.527402839,19,0,0,0,1.135969891,4
2601,1,19.4738427,3,0,0,0,3.315632433,1
2602,0,4.612772804,23,0,0,0,0.94529904,4
2603,1,15.45747873,3,0,0,1,3.36009771,1
2604,1,6.779398523,3,1,0,0,3.583447605,0
2605,1,2.861627908,12,0,1,0,2.268905392,3
2606,1,17.1577837,1,0,0,0,3.394649867,1
2607,1,6.177217985,27,0,0,1,0.423991948,4
2608,1,13.17710808,25,0,0,0,0.835989766,4
2609,1,11.3288737,22,0,1,0,1.286083735,4
2610,0,9.435126188,14,0,1,0,2.131780854,3
2611,0,9.916389453,3,0,1,0,3.30866402,1
2612,0,14.64475828,26,0,0,1,0.958776298,4
2613,1,1.755458282,5,1,1,0,2.539771016,2
2614,1,13.36361324,2,0,1,0,3.012897487,1
2615,1,17.91624203,6,0,1,0,3.167455277,1
2616,1,1.15576394,5,0,0,0,1.904515902,4
2617,1,2.813066785,2,1,0,0,3.033291954,1
2618,1,14.33263873,3,0,0,1,3.457711726,1
2619,1,8.745632965,9,0,0,0,2.450335443,3
2620,0,8.070972416,29,1,1,1,1.164702428,4
2621,1,2.739332691,20,0,0,0,0.827082916,4
2622,0,10.13540081,8,0,0,1,2.398314479,3
2623,0,2.530906224,29,0,0,0,0,4
2624,1,9.532409126,5,1,0,0,2.757797931,2
2625,1,15.27230598,28,1,0,0,0.347836976,4
2626,0,5.165287158,19,1,0,0,1.676727437,4
2627,0,9.615723364,26,1,1,0,0.574278,4
2628,1,19.84031939,10,1,0,1,3.10399438,1
2629,1,13.73300847,6,0,1,1,2.802073834,2
2630,0,16.82713543,17,1,0,0,2.127589297,3
2631,1,8.296952131,3,0,1,0,2.688349836,2
2632,1,15.35721846,4,0,0,0,2.78376521,2
2633,1,0.810183459,3,0,0,1,3.133768039,1
2634,0,2.458223651,3,0,0,0,2.618699895,2
2635,0,4.061411858,26,1,0,0,0.771677492,4
2636,0,8.039038492,12,0,0,1,2.274842047,3
2637,1,16.91489757,15,0,1,0,1.539619406,4
2638,1,6.925321016,24,0,0,1,1.128068364,4
2639,0,13.09242387,13,1,0,0,1.595627367,4
2640,0,14.1862859,10,0,1,1,3.138498873,1
2641,0,11.72364708,28,0,0,0,0.798886573,4
2642,1,7.144839363,1,0,0,0,2.972883441,2
2643,0,11.54106683,21,0,1,1,1.556218796,4
2644,0,6.845311856,13,0,0,0,1.852671741,4
2645,1,1.677474771,23,0,1,0,0.974968345,4
2646,1,19.85607956,23,1,1,0,1.391431871,4
2647,1,2.543649073,26,0,1,0,0.236497222,4
2648,0,1.446967677,6,0,1,1,2.629933234,2
2649,1,17.57061498,25,0,0,0,0.529603259,4
2650,1,6.036693218,10,0,0,1,2.319119147,3
2651,0,13.00593948,3,0,1,0,2.759021765,2
2652,1,6.580114593,6,0,0,0,2.096065652,3
2653,0,7.829085416,28,0,0,1,0.745518983,4
2654,0,5.24225944,15,1,1,0,1.794667106,4
2655,1,6.860880116,25,0,0,1,0.701263713,4
2656,1,8.214008012,5,0,0,0,2.457901407,3
2657,1,14.40832138,26,0,0,0,0.42913728,4
2658,1,10.23072388,5,0,0,0,3.016897868,1
2659,1,18.87130434,1,0,0,0,3.618272712,0
2660,1,0.837607877,23,0,1,0,0.425813761,4
2661,0,10.06136645,7,1,1,0,2.735960967,2
2662,0,11.68449578,29,0,1,0,0.223430509,4
2663,1,18.40393972,26,0,0,0,1.011746757,4
2664,0,0.983170472,6,1,0,0,2.573440474,2
2665,1,11.4699917,26,0,0,0,0.200145527,4
2666,0,17.07259857,24,1,0,0,0.802647806,4
2667,0,4.838554562,23,0,0,0,0.539645751,4
2668,0,17.52584697,13,0,0,0,2.481595434,3
2669,1,0.380868185,8,0,0,0,1.633811562,4
2670,0,14.64909258,14,1,0,0,2.401469995,3
2671,1,18.66226442,24,1,1,0,1.265891445,4
2672,0,13.14395323,21,0,0,1,1.266286344,4
2673,0,8.78058488,17,0,1,0,1.62246463,4
2674,0,0.897620329,11,0,0,0,1.858296307,4
2675,0,18.40227627,22,0,0,1,0.640439809,4
2676,0,9.405924454,18,0,0,0,1.39789719,4
2677,1,0.579934887,12,0,0,0,1.429180582,4
2678,1,13.79642143,6,0,0,1,2.934692102,2
2679,0,9.636745072,24,0,0,0,0.632826221,4
2680,0,2.486906349,9,0,1,1,2.565347318,2
2681,0,4.285436186,29,1,0,1,0.397989397,4
2682,0,1.289813609,9,1,0,0,2.064564303,3
2683,1,11.48587079,1,0,0,1,3.121119482,1
2684,0,12.44058959,13,1,0,1,1.920609663,4
2685,1,10.11484597,12,0,1,0,2.329909645,3
2686,0,16.34204266,21,1,0,1,1.272010108,4
2687,1,17.22017643,28,0,0,0,1.066424623,4
2688,0,12.31248793,5,0,0,0,2.905384066,2
2689,0,0.255129594,8,1,1,0,2.567031803,2
2690,1,13.90459311,12,0,0,0,1.694384385,4
2691,0,8.359984338,8,1,1,0,2.801388939,2
2692,0,11.31114966,12,1,0,0,1.813628891,4
2693,0,12.98161204,4,1,1,0,3.343278194,1
2694,1,7.004732287,13,0,1,0,2.184691612,3
2695,0,18.3419701,4,0,1,0,3.492211997,1
2696,0,2.679497335,8,0,0,0,1.813679554,4
2697,1,13.43023615,7,1,0,0,2.772549372,2
2698,1,0.087191599,6,0,0,1,2.440006097,3
2699,1,18.49302211,7,0,0,0,2.868464156,2
2700,0,2.250082665,21,0,0,0,0.516631514,4
2701,0,1.897684603,2,0,1,0,2.89147847,2
2702,0,6.660152661,22,0,0,0,0.710956982,4
2703,1,7.471325721,23,0,0,0,0.424432895,4
2704,0,4.286001446,14,1,1,1,2.248337588,3
2705,0,11.70243322,7,0,0,1,2.715490936,2
2706,1,8.858281961,0,1,1,0,4,0
2707,1,0.683511781,6,0,1,0,2.676389709,2
2708,1,6.393041245,18,0,1,0,1.854700442,4
2709,1,16.20865827,1,0,1,0,3.548520551,0
2710,1,13.7940307,13,0,0,0,1.952333649,4
2711,0,14.49741707,17,0,0,0,1.849643388,4
2712,1,13.96233848,29,1,0,0,0.875201088,4
2713,0,6.219460428,14,0,0,0,1.79355573,4
2714,0,1.993278442,13,0,0,1,1.855666912,4
2715,1,5.449343681,23,0,1,0,0.551139653,4
2716,1,16.635706,24,1,0,1,1.580398636,4
2717,1,19.60941596,18,0,0,0,1.874157778,4
2718,0,9.876940295,29,0,1,0,0.5152394,4
2719,1,0.194007098,18,0,0,0,1.331229486,4
2720,1,2.800896243,21,1,0,1,1.621772736,4
2721,1,6.441611506,26,0,0,1,0.384375396,4
2722,1,11.57170697,25,0,1,0,1.36356155,4
2723,1,1.501872916,16,0,1,0,1.479668777,4
2724,0,18.86714597,21,1,1,0,1.581203876,4
2725,0,7.301673466,27,0,0,0,0,4
2726,0,18.25168436,18,1,1,0,1.886578593,4
2727,1,15.61043606,26,0,0,0,0.863545352,4
2728,1,15.10874545,15,0,0,0,1.488705295,4
2729,1,12.1343916,19,0,0,0,1.472900493,4
2730,0,12.53567634,24,1,0,0,1.344085718,4
2731,1,12.7600647,18,0,0,0,1.364736911,4
2732,1,12.57442774,0,1,1,0,3.830205375,0
2733,1,11.07456463,18,0,0,0,1.597365745,4
2734,0,19.72828037,6,1,0,1,3.320316974,1
2735,1,14.64581135,28,0,0,0,0.648705395,4
2736,0,15.53892777,22,0,0,0,1.01826465,4
2737,1,17.4492563,10,0,0,0,2.4407699,3
2738,0,4.312795255,4,0,1,1,3.152519371,1
2739,0,1.676083182,29,0,1,0,0.217042011,4
2740,0,9.657888732,16,0,1,1,1.811622381,4
2741,1,10.28161391,10,0,1,0,2.777966932,2
2742,1,16.5836356,23,0,0,0,1.223828265,4
2743,0,8.875671586,25,0,1,0,1.101939932,4
2744,0,11.41706051,7,0,0,0,2.06017205,3
2745,1,10.54141877,9,0,0,0,2.524422658,2
2746,1,0.764055675,11,0,0,0,1.966514042,4
2747,0,12.30429793,9,0,0,0,2.841519002,2
2748,1,16.56086572,12,0,0,0,2.200020267,3
2749,1,3.150010962,25,1,0,0,0.925269361,4
2750,1,11.88663468,17,1,0,0,1.842584135,4
2751,1,11.87221089,9,0,1,0,2.669640829,2
2752,0,3.283699281,18,0,0,0,1.32766643,4
2753,1,2.469271475,19,0,0,0,0.754750671,4
2754,1,19.60103886,16,0,1,0,1.845656784,4
2755,0,7.874383393,19,0,0,0,1.537989779,4
2756,0,4.548434574,15,0,1,0,1.580926627,4
2757,1,3.426490889,4,0,1,0,2.883799715,2
2758,1,13.35203427,2,0,0,0,3.054990811,1
2759,1,12.18890595,29,0,0,0,0.328085704,4
2760,1,12.87104246,26,0,0,1,0.611569306,4
2761,0,1.76012055,14,0,0,0,1.567412438,4
2762,0,17.87069167,25,0,0,0,1.219747245,4
2763,0,7.785327936,1,0,0,1,3.021398881,1
2764,1,6.267388129,12,1,0,0,2.262147696,3
2765,1,9.247228945,21,1,0,1,1.455085453,4
2766,1,7.801321315,7,0,0,0,2.448840531,3
2767,1,17.27154006,22,0,1,0,1.280041579,4
2768,0,18.5852195,26,0,0,0,1.043380128,4
2769,0,6.069064329,29,0,1,1,1.03518153,4
2770,1,17.27871615,16,0,0,0,1.573051021,4
2771,0,15.63046259,3,0,1,0,2.898151346,2
2772,1,18.61615345,18,0,0,0,1.820920109,4
2773,1,4.915006244,21,0,0,0,0.728794517,4
2774,0,11.539183,24,1,0,0,0.902357255,4
2775,1,5.490891695,8,1,0,0,2.421061773,3
2776,1,16.48188981,22,0,0,0,1.221299421,4
2777,0,0.106483811,14,0,0,0,1.996107386,4
2778,1,11.29638326,27,0,0,1,0.622706295,4
2779,1,6.784068625,8,1,0,0,2.902602513,2
2780,0,6.453674142,23,1,0,1,1.348607002,4
2781,1,12.89812648,20,1,0,0,1.351141052,4
2782,0,17.02968899,8,0,0,0,2.745554083,2
2783,1,12.18390783,13,1,1,0,2.993214464,2
2784,0,17.06345957,22,0,0,0,1.589269707,4
2785,0,5.291942238,20,1,1,0,1.653099762,4
2786,0,10.3900371,15,1,0,1,2.136285525,3
2787,1,9.010730781,23,0,0,0,0.737048752,4
2788,0,0.23289799,22,0,0,0,0.352751959,4
2789,0,11.13624286,24,1,0,0,0.690156791,4
2790,0,13.23048648,25,0,1,0,0.94304592,4
2791,0,11.83828809,16,0,0,0,1.881978741,4
2792,0,14.72559798,12,0,1,1,2.474039537,3
2793,1,11.42679057,8,0,0,0,2.507742674,2
2794,1,1.335005097,14,0,0,0,1.563591912,4
2795,1,2.328910482,6,0,0,0,2.455643755,3
2796,1,11.92949155,0,0,0,0,2.736604875,2
2797,1,5.499583839,0,0,0,1,3.26201999,1
2798,1,1.592902581,4,0,0,0,2.283870956,3
2799,1,8.592054869,23,0,0,0,1.154410009,4
2800,0,11.08645196,8,0,1,1,2.789099828,2
2801,1,6.574919767,11,0,0,0,1.538689251,4
2802,0,14.40867404,5,0,1,0,3.05607009,1
2803,0,12.87541216,27,1,0,0,0.740896702,4
2804,1,6.656367222,12,0,0,0,2.49968118,3
2805,0,15.09745058,25,1,1,0,0.89524998,4
2806,0,12.97390085,27,0,1,0,0.774284814,4
2807,0,12.74890757,7,1,0,1,3.014802534,1
2808,0,11.06855402,14,0,0,0,1.821442174,4
2809,1,0.227793362,5,0,0,0,2.543009095,2
2810,1,13.93014367,26,0,1,0,0.64545438,4
2811,1,7.520835822,5,0,0,0,2.631367841,2
2812,1,18.8521942,3,0,1,0,2.712420466,2
2813,1,16.35969542,10,0,0,1,2.672755461,2
2814,1,11.75388939,20,0,0,0,1.714811785,4
2815,1,5.043639636,29,1,1,0,0.210979179,4
2816,1,4.074347866,17,0,1,0,1.859071573,4
2817,1,6.807696754,2,0,0,1,2.672866707,2
2818,1,9.531358872,2,0,1,0,2.719201157,2
2819,0,5.921310201,29,0,1,0,0.736992886,4
2820,1,10.29858991,11,1,1,0,2.295213478,3
2821,0,3.30740851,26,1,1,1,0.840690941,4
2822,0,19.55425626,20,1,0,1,2.131628504,3
2823,0,2.158491099,29,1,1,1,0.992296574,4
2824,0,18.63888279,20,0,1,1,1.451872243,4
2825,1,18.27156023,5,0,0,0,2.860396826,2
2826,0,10.50720964,20,0,0,0,1.182565054,4
2827,1,14.49820544,27,1,0,0,0.130654238,4
2828,1,8.720965959,5,1,1,0,3.362716215,1
2829,0,12.60069155,7,0,1,0,2.251847104,3
2830,1,6.811518748,14,0,0,1,1.688476384,4
2831,0,6.023180396,17,1,0,0,1.815401718,4
2832,0,11.56459572,19,0,0,0,1.494869559,4
2833,1,9.962593484,28,1,0,1,0,4
2834,1,11.59072738,15,0,0,0,1.571786434,4
2835,0,5.733211626,5,0,0,0,2.234685549,3
2836,1,7.339156636,27,0,1,0,0.508656501,4
2837,1,1.677959213,20,0,0,0,0.70167991,4
2838,1,1.045527445,16,0,1,1,1.817789572,4
2839,0,5.069142593,8,0,0,0,2.337558462,3
2840,0,1.484937187,18,1,1,1,1.763324116,4
2841,1,2.075494173,17,0,0,0,1.580149839,4
2842,1,16.25856811,24,1,1,0,1.513660413,4
2843,1,0.77747394,22,0,0,0,0.546839868,4
2844,1,13.17885588,4,1,0,0,3.112170722,1
2845,1,5.451154976,27,0,0,0,0.30759406,4
2846,0,17.43091361,5,0,0,0,2.22851143,3
2847,1,9.699845692,11,0,1,0,2.506415414,2
2848,0,6.111529187,10,0,0,0,1.977538044,4
2849,1,10.35277871,15,1,1,0,2.340811013,3
2850,0,7.639160381,19,0,0,0,1.26112824,4
2851,1,11.28602129,16,0,1,0,1.783001896,4
2852,0,2.290657367,19,1,0,0,1.501240092,4
2853,1,19.93981006,8,0,0,1,2.239253985,3
2854,0,8.511117554,0,1,0,1,3.823801328,0
2855,0,6.964612794,25,0,1,1,0.895261805,4
2856,0,14.20419697,2,1,0,1,3.532640383,0
2857,0,7.27798813,20,0,0,0,1.022641734,4
2858,0,16.6654861,22,1,0,0,1.960538709,4
2859,0,9.085414487,8,0,0,1,2.745491801,2
2860,1,14.39116827,21,0,0,0,1.554112899,4
2861,0,2.149064329,18,0,0,0,0.706825346,4
2862,1,16.92238371,12,0,1,1,2.823600085,2
2863,1,14.71435974,22,0,1,0,1.293408827,4
2864,1,4.234335569,13,0,1,0,2.126276926,3
2865,1,2.905720195,19,0,0,0,1.112671201,4
2866,1,6.325846975,18,1,0,0,1.261587709,4
2867,0,19.52141172,29,0,1,1,1.078485135,4
2868,0,5.136631491,22,1,0,0,0.675458391,4
2869,0,9.122544179,26,0,0,1,0.68547287,4
2870,1,0.600404514,26,0,1,1,1.020926365,4
2871,0,7.944550591,6,1,0,0,3.427620858,1
2872,0,11.42640031,3,1,0,0,3.248572792,1
2873,0,19.06249225,11,0,0,0,2.278951505,3
2874,0,10.3347209,22,0,0,1,0.833079022,4
2875,0,16.38214652,26,0,0,0,0.857092794,4
2876,1,10.94255285,13,0,0,1,1.744497663,4
2877,0,0.815700269,1,0,0,0,2.806877505,2
2878,1,6.300165504,0,0,1,0,3.490543307,1
2879,1,11.51099016,27,0,0,1,0.693964852,4
2880,1,19.01187932,17,0,1,0,2.161558737,3
2881,1,17.1826072,19,1,0,0,1.893344472,4
2882,1,4.567112284,7,1,1,0,2.882958071,2
2883,0,4.4021966,2,0,1,1,3.270373861,1
2884,0,4.023459342,25,0,1,1,1.0270156,4
2885,0,18.44997793,5,0,1,1,2.489668902,3
2886,1,17.05332306,21,1,0,0,1.708798771,4
2887,0,15.49766865,12,0,0,0,2.324093257,3
2888,0,7.854702284,8,0,0,0,2.197491146,3
2889,1,10.08761409,8,0,0,0,2.5001133,2
2890,1,9.286634896,19,0,0,0,1.050005852,4
2891,1,5.067962151,8,0,0,0,2.438440919,3
2892,1,10.10056092,14,1,0,0,1.914601844,4
2893,0,0.609930957,12,0,1,1,1.62783713,4
2894,1,2.63620747,21,0,1,1,1.069524152,4
2895,1,17.73179192,15,0,0,1,2.369652313,3
2896,0,15.03359534,1,0,0,0,2.974740695,2
2897,0,8.457368181,25,0,1,0,0.357808892,4
2898,1,10.34300725,13,0,0,0,1.92255149,4
2899,0,7.399977719,26,0,0,0,0.330966908,4
2900,1,14.81559734,5,1,0,0,3.219685483,1
2901,1,15.68374358,1,1,0,1,3.951459951,0
2902,0,15.2657038,7,0,0,0,2.795210553,2
2903,0,14.4522345,3,1,1,0,3.561743268,0
2904,1,4.090086774,20,1,0,0,1.361088227,4
2905,1,6.759399585,23,0,0,0,0.738958982,4
2906,1,9.3969087,13,0,1,0,2.320772544,3
2907,0,6.615859829,10,0,1,0,2.837891418,2
2908,1,15.098804,23,0,0,0,0.827339491,4
2909,1,6.587070485,27,1,1,0,0.875883705,4
2910,1,2.764641736,13,0,1,0,1.467968316,4
2911,1,7.980809041,11,0,1,0,2.122102757,3
2912,1,19.59828866,15,0,1,0,2.481813409,3
2913,0,4.517628259,5,0,1,0,2.876083673,2
2914,1,12.24317318,19,0,0,1,1.662692199,4
2915,1,8.659460997,0,0,1,0,2.964058726,2
2916,1,1.420491353,11,0,1,0,2.032178463,3
2917,1,9.75753212,6,1,0,1,3.207819245,1
2918,0,14.04328657,7,1,0,0,2.553484846,2
2919,0,10.26439952,8,1,1,1,3.128858646,1
2920,0,17.44212127,1,1,1,1,4,0
2921,1,5.778740333,16,1,0,0,1.357062701,4
2922,1,1.724983426,19,0,0,1,0.684887998,4
2923,0,18.73131223,12,0,1,0,2.234696287,3
2924,0,7.563926991,4,0,0,0,1.953200561,4
2925,0,11.52811103,9,0,0,1,2.470924003,3
2926,1,15.84006252,11,0,0,1,2.512488759,2
2927,1,6.486273278,16,1,0,0,2.097251578,3
2928,0,14.32329076,20,0,1,0,1.345131463,4
2929,0,2.708376996,5,0,0,0,2.241727972,3
2930,0,5.825874944,2,0,0,0,2.637348955,2
2931,1,2.894212723,27,0,0,0,0.286110039,4
2932,1,16.22461117,14,1,0,1,2.084547707,3
2933,1,4.452984705,6,0,1,0,2.777885894,2
2934,0,14.34807111,29,0,0,0,0.484183196,4
2935,0,18.86596794,5,0,0,0,2.875735286,2
2936,1,10.55544418,3,1,0,0,3.471337214,1
2937,0,10.80058385,18,0,0,0,1.318074459,4
2938,1,9.220671362,4,0,1,0,2.715908932,2
2939,0,6.517802868,2,1,0,1,3.474561845,1
2940,0,9.513100618,25,0,1,0,0.934942991,4
2941,0,12.05615065,24,0,0,0,0.51852243,4
2942,0,19.71983144,8,0,0,1,2.726094629,2
2943,1,18.75529119,5,1,1,0,3.09906465,1
2944,0,17.24305917,12,0,1,0,2.073545292,3
2945,1,17.78261071,26,0,1,1,1.983133992,4
2946,1,9.356983666,21,0,0,0,0.766273679,4
2947,1,13.14888654,27,0,0,0,0.636132934,4
2948,0,17.90133446,29,0,1,1,1.148033413,4
2949,1,7.8590153,19,0,0,1,1.75040468,4
2950,1,19.23524957,3,0,1,0,2.821108107,2
2951,1,8.315721241,1,0,1,0,3.240512074,1
2952,0,12.02165331,25,0,1,0,0.705861631,4
2953,0,14.19609427,3,0,1,0,2.912722178,2
2954,1,19.01184026,7,0,0,0,2.894723042,2
2955,0,4.892325481,12,0,1,1,1.777279849,4
2956,1,14.92261956,9,0,0,0,2.457187515,3
2957,1,10.41631172,17,1,0,0,1.939076537,4
2958,0,5.371142812,8,0,0,0,2.291686152,3
2959,1,15.5321368,29,0,0,1,0.584740729,4
2960,0,11.0444456,0,0,1,0,2.90546616,2
2961,0,13.21947641,12,0,1,0,1.738942134,4
2962,1,6.458021372,17,1,0,1,1.669807052,4
2963,0,9.625479037,14,0,0,0,1.648288922,4
2964,0,12.34708502,1,0,1,0,2.71039131,2
2965,1,8.098216285,10,0,1,0,1.956169126,4
2966,1,3.967450797,28,0,1,1,0.672936198,4
2967,0,19.23280985,13,0,1,1,2.607172929,2
2968,0,10.2293508,21,0,1,0,1.5660205,4
2969,1,14.67840741,14,1,0,0,2.197394592,3
2970,0,8.220943871,13,1,1,0,2.332971817,3
2971,0,7.102635281,15,0,1,0,1.773293697,4
2972,0,8.143285969,22,0,1,1,1.149649627,4
2973,0,8.183932876,28,1,0,0,0.840985451,4
2974,0,10.88360232,14,0,1,1,1.563574034,4
2975,0,10.8693974,18,0,0,0,0.870713478,4
2976,0,9.943076318,26,1,0,1,0.613165988,4
2977,1,2.695715698,8,0,1,1,2.572391709,2
2978,1,9.92150957,4,0,0,0,2.307596623,3
2979,1,3.382078008,4,0,0,0,2.318046521,3
2980,1,2.522715726,10,0,1,0,2.310557286,3
2981,1,18.65291435,27,1,1,1,1.585820037,4
2982,0,12.09900026,19,0,1,0,1.63061374,4
2983,0,13.18980116,24,1,0,1,1.5586322,4
2984,0,8.035873407,23,0,1,0,0.683505301,4
2985,0,18.17961784,27,0,0,0,0.970912379,4
2986,1,12.75860979,3,0,1,0,3.344626675,1
2987,0,15.38339739,19,0,0,1,1.885916652,4
2988,0,7.371249381,17,0,1,0,1.469964557,4
2989,1,19.20023762,24,0,0,0,1.436375445,4
2990,0,16.4092258,2,1,1,1,3.399542858,1
2991,0,17.07896926,3,1,0,1,3.563535791,0
2992,1,3.443885349,13,0,1,1,2.07443875,3
2993,0,5.419264157,6,0,0,0,2.504005287,2
2994,0,5.712531994,25,1,1,0,0.966948807,4
2995,0,5.418184465,7,0,0,0,2.691044205,2
2996,0,17.10816324,23,0,0,1,0.864785084,4
2997,0,0.637695904,15,1,1,0,1.993952453,4
2998,1,1.52199978,19,0,1,0,1.20017972,4
2999,1,5.478297413,14,0,0,1,2.195712898,3
3000,1,3.997459493,6,0,0,0,1.901266524,4
3001,1,4.637192278,25,0,1,0,0.839976524,4
3002,1,15.95886379,16,0,1,0,1.362043769,4
3003,1,11.26253188,21,0,0,0,0.850743865,4
3004,0,0.115413226,21,1,1,0,1.003365306,4
3005,1,8.586455314,21,0,1,1,1.390539698,4
3006,1,8.157698537,11,0,0,1,2.439981326,3
3007,0,2.278905389,17,0,0,0,1.243311716,4
3008,0,13.52283577,23,1,1,0,1.964846656,4
3009,1,14.04194377,13,1,1,0,2.688229331,2
3010,0,14.41786438,14,1,1,1,2.739701667,2
3011,1,14.56941891,14,0,0,0,2.496121936,3
3012,0,0.001056539,4,1,0,1,2.968807133,2
3013,1,19.07841608,15,0,0,1,2.215944169,3
3014,0,16.28417534,4,0,1,0,3.503743265,0
3015,0,18.07963393,1,0,0,0,3.384729472,1
3016,1,0.312865906,19,0,0,0,1.41760401,4
3017,1,18.67717592,27,1,0,0,1.139337063,4
3018,1,16.19577057,24,0,0,0,0.769589864,4
3019,1,16.74438286,8,0,0,0,2.348443454,3
3020,1,1.865747694,21,0,0,0,0.32183143,4
3021,0,14.77556058,26,0,1,0,1.124137186,4
3022,1,19.19833379,8,0,0,0,2.717096954,2
3023,1,13.57094683,3,0,0,0,2.65654078,2
3024,0,11.41122809,14,0,0,0,1.527748066,4
3025,0,18.91259355,10,0,0,1,2.735672949,2
3026,1,8.858742435,0,1,0,1,3.748102281,0
3027,0,11.98587133,17,1,0,0,1.706212489,4
3028,0,9.52676587,28,1,0,0,0.959041523,4
3029,1,18.65692443,0,1,1,0,4,0
3030,0,1.521694535,7,0,0,0,1.858924856,4
3031,0,10.02239402,24,1,0,0,1.000775557,4
3032,1,13.73904883,15,0,1,1,2.413651873,3
3033,1,15.83813077,25,1,0,0,1.172191633,4
3034,0,11.66037295,27,0,1,0,0.2759351,4
3035,0,18.17835488,21,1,0,1,1.90764038,4
3036,1,18.83982894,17,0,0,0,2.018579782,3
3037,0,1.286384464,21,0,0,0,0.91571218,4
3038,0,8.047410791,8,0,1,1,3.12911664,1
3039,0,0.469180434,11,0,0,0,1.945989188,4
3040,1,6.588333147,18,1,0,0,1.510058697,4
3041,0,10.73736436,24,0,0,1,0.153031812,4
3042,0,18.21589861,17,0,0,1,1.711984677,4
3043,1,16.93108645,26,1,1,1,1.419977099,4
3044,0,2.549994533,4,0,0,1,2.438731253,3
3045,0,1.860607495,26,0,1,0,0.316755974,4
3046,1,11.78534678,1,0,0,1,3.543315915,0
3047,1,10.64235945,6,0,1,1,3.125269662,1
3048,1,5.327552829,26,1,0,1,0.655011588,4
3049,1,17.98906169,9,1,1,1,3.511613863,0
3050,0,18.54732819,14,1,0,0,2.862562819,2
3051,0,8.052228767,24,0,1,1,1.116228461,4
3052,1,17.80605114,6,0,1,0,3.201181955,1
3053,1,7.678977885,27,0,0,0,0.100592148,4
3054,0,14.73633664,4,1,1,0,3.017133682,1
3055,1,9.518844351,14,0,1,1,2.220548509,3
3056,0,2.45166313,19,0,1,0,1.111068462,4
3057,1,18.55868402,27,0,0,1,0.991892391,4
3058,0,9.081931868,19,0,0,0,1.175347658,4
3059,1,14.68974081,14,1,1,0,2.292539642,3
3060,1,7.343476289,9,0,0,0,2.294221357,3
3061,0,0.377617572,23,0,0,0,0.369920627,4
3062,1,2.010607174,25,0,1,1,0.665741207,4
3063,0,9.92438959,28,1,0,0,0.728918814,4
3064,0,13.79928714,25,0,0,0,1.010198034,4
3065,0,6.694706532,13,0,0,0,1.829810546,4
3066,0,13.90976918,25,0,1,0,0.94094722,4
3067,0,13.97271179,25,0,1,0,1.152866691,4
3068,1,14.07871815,9,1,1,0,3.030196983,1
3069,1,9.85043708,16,0,1,0,1.757091954,4
3070,0,18.297723,20,1,0,0,1.966123443,4
3071,1,9.78393036,13,0,0,0,1.301643736,4
3072,0,9.00530387,1,1,0,1,3.772896608,0
3073,1,3.98761638,15,1,0,1,1.922165909,4
3074,1,6.153101747,12,0,0,0,1.789036776,4
3075,1,0.84668985,26,0,1,0,0.632988118,4
3076,1,12.67070587,8,0,1,0,2.850435292,2
3077,0,4.970714879,6,0,0,0,2.684821287,2
3078,0,6.08310509,15,0,1,0,1.89934025,4
3079,1,15.41629043,9,0,1,0,2.454306702,3
3080,1,6.544423663,23,1,1,0,1.208332283,4
3081,0,4.84391784,21,0,0,1,1.526916046,4
3082,1,3.381154983,8,1,0,1,2.686716754,2
3083,0,15.49716804,21,0,0,0,1.130785359,4
3084,0,2.59412516,22,0,0,0,0.741103055,4
3085,0,9.075075205,6,1,0,0,2.893400295,2
3086,1,10.13860232,15,0,1,0,1.376380688,4
3087,0,13.74779825,8,0,0,0,1.935602561,4
3088,1,12.66566965,26,1,0,1,1.058311352,4
3089,0,16.21441346,23,1,0,1,1.230428756,4
3090,1,0.895028679,28,0,1,0,0.14706887,4
3091,1,5.928814496,16,0,0,1,1.169690514,4
3092,1,5.602682376,19,0,0,0,1.016215042,4
3093,0,2.920338112,6,0,1,0,2.521027735,2
3094,0,5.783565077,10,0,0,0,2.027841922,3
3095,1,6.195306283,7,0,1,0,2.670947554,2
3096,1,10.43768924,6,0,0,1,2.872879366,2
3097,1,13.27408958,27,1,0,1,1.029648645,4
3098,0,7.622010272,18,1,0,0,1.757497313,4
3099,0,14.38940463,19,0,1,1,1.895283343,4
3100,0,6.723306772,11,0,1,1,2.035367286,3
3101,0,5.805673546,6,0,0,0,2.053147894,3
3102,1,10.82376112,7,0,0,0,2.329719254,3
3103,1,0.474327206,6,0,0,1,1.756211553,4
3104,0,1.595782473,5,0,1,1,2.827342954,2
3105,0,8.359390872,24,0,0,0,0.693712512,4
3106,1,18.85825423,8,1,0,0,2.953961922,2
3107,0,14.4302356,26,1,0,0,0.989468441,4
3108,0,1.76253139,12,1,0,1,2.137068106,3
3109,0,16.92636026,6,0,1,1,3.032105333,1
3110,0,14.64601541,7,0,1,0,2.804363175,2
3111,0,12.21893051,21,0,0,0,0.612802502,4
3112,0,16.40585921,16,1,0,1,2.20223294,3
3113,1,8.082196955,16,0,0,0,1.410262038,4
3114,0,4.430021017,15,0,0,1,1.441409543,4
3115,0,10.24046778,21,0,1,0,1.233587021,4
3116,1,10.97683511,1,0,0,0,2.790575147,2
3117,1,10.76652744,29,0,0,0,0.378543635,4
3118,1,11.30147583,7,0,0,0,2.172812322,3
3119,0,18.97409836,16,0,1,1,2.391687683,3
3120,1,18.04491246,12,0,0,1,1.783107467,4
3121,0,17.51434073,17,0,1,1,1.785926986,4
3122,0,16.02833622,23,0,1,0,1.268772123,4
3123,0,18.86856215,27,1,1,0,1.486865652,4
3124,1,1.969892834,21,0,1,0,1.061935997,4
3125,1,5.302465229,27,0,0,1,0,4
3126,1,9.901118913,9,0,0,0,2.15161798,3
3127,1,16.93068986,1,1,1,1,3.597489094,0
3128,1,10.10331423,1,0,1,1,3.812757188,0
3129,0,14.96069479,26,0,1,0,1.176781506,4
3130,0,2.779198105,13,0,1,1,1.948327516,4
3131,0,5.04827626,15,0,0,1,1.808097198,4
3132,0,14.6355219,6,0,0,1,3.22214009,1
3133,1,3.294680178,20,0,1,0,0.809260143,4
3134,1,7.027118693,20,1,1,1,1.29459288,4
3135,0,5.297325156,23,1,0,0,1.077747684,4
3136,1,6.997233884,11,1,0,0,2.920181898,2
3137,1,14.16648098,27,0,0,0,0.796142916,4
3138,0,7.356943623,22,1,0,0,1.446052352,4
3139,0,11.10526645,27,0,0,1,0.940184257,4
3140,1,1.998637541,13,0,1,0,1.782060667,4
3141,1,16.10035386,24,1,0,0,1.10589987,4
3142,0,7.397772513,3,0,1,0,2.813470345,2
3143,0,12.97068318,25,0,1,1,1.651786672,4
3144,0,14.50779203,3,0,1,1,3.603507572,0
3145,1,4.193218442,17,0,1,0,1.526960289,4
3146,0,17.6934997,2,1,0,1,3.459044734,1
3147,0,12.32448503,0,0,1,0,3.333970002,1
3148,1,8.574502835,16,0,0,0,1.718181723,4
3149,1,3.646703672,6,0,1,1,3.183232489,1
3150,1,18.84601876,29,1,0,1,0.996647663,4
3151,1,15.10136408,15,0,1,1,2.525086322,2
3152,1,4.160491255,29,0,0,0,0.512852046,4
3153,0,6.754215494,4,1,0,0,2.864498067,2
3154,0,16.19348516,18,0,0,0,1.733364047,4
3155,1,13.91355326,6,0,1,0,2.986891621,2
3156,1,15.31568585,13,1,0,0,2.565368053,2
3157,1,8.824022044,1,0,0,0,3.139189305,1
3158,1,14.32952525,2,1,1,0,3.636416568,0
3159,1,7.729874457,16,0,0,0,1.467442367,4
3160,0,4.225258339,15,1,0,0,1.799531149,4
3161,0,12.6535407,7,1,0,1,3.183126117,1
3162,0,19.52027851,17,0,0,0,1.441964197,4
3163,0,6.212019428,14,0,1,1,1.881588987,4
3164,1,9.219391844,6,1,0,0,3.132629297,1
3165,0,13.48002742,26,0,1,0,0.814285349,4
3166,1,10.83012564,8,0,0,0,2.477790374,3
3167,1,16.86855591,5,0,1,0,2.971332016,2
3168,1,15.23485413,17,1,1,0,2.071972431,3
3169,0,1.165944077,17,1,1,1,1.635686733,4
3170,1,19.96842468,24,0,0,0,0.906276516,4
3171,0,15.04804907,25,0,0,0,0.809067853,4
3172,0,17.27806633,23,1,0,0,1.683832026,4
3173,1,13.02395424,13,1,1,1,3.138784394,1
3174,1,17.12570256,13,0,0,0,1.79895034,4
3175,1,2.247659499,13,1,1,1,1.687307435,4
3176,0,6.954756711,24,1,0,0,0.903085577,4
3177,1,17.52841887,3,0,0,0,3.137624351,3
3178,0,4.033104225,3,1,0,0,3.18921717,2
3179,1,1.564841972,14,0,0,1,1.795369078,3
3180,1,15.7623788,14,0,1,1,2.4359582,4
3181,0,16.70972311,17,0,0,0,1.688489609,4
3182,0,3.253044364,13,1,0,0,1.844056379,1
3183,0,17.08691966,25,1,0,0,1.305584514,2
3184,0,13.73535591,0,0,1,0,3.545153036,2
3185,0,10.40165366,9,0,0,0,2.172345542,4
3186,0,16.60500386,28,0,0,1,0.375147851,4
3187,1,8.384984986,19,1,1,1,1.557870493,3
3188,1,3.879879124,9,1,0,0,2.18571084,3
3189,0,5.697053532,9,0,0,1,2.459804672,1
3190,1,10.10328037,26,0,0,1,0.427568507,4
3191,0,10.62661585,23,0,1,0,0.871999115,3
3192,1,16.11161653,1,0,1,0,3.222937499,1
3193,1,15.82705447,28,0,1,1,0.818126103,2
3194,0,11.62733114,27,1,1,0,0.618936614,4
3195,0,15.61570967,26,0,1,0,1.174609514,0
3196,0,3.835469166,7,0,0,1,2.800569084,4
3197,1,1.001290542,0,0,0,0,2.995458296,3
3198,0,17.47267645,0,0,0,1,3.353659743,4
3199,1,1.511089875,3,0,0,0,2.732661197,0
3200,0,4.933768595,6,0,1,0,2.555667543,4
3201,1,13.90637899,8,0,1,0,2.378050042,3
3202,1,8.188958753,15,1,0,0,2.060792459,2
3203,0,17.5262794,4,0,0,0,3.115250556,3
3204,1,5.959595893,1,1,1,0,3.453790619,1
3205,1,0.237426933,27,0,0,1,0,3
3206,0,6.013112811,22,0,0,0,1.028183689,1
3207,1,11.56150098,10,0,1,0,1.989455196,4
3208,0,7.518767508,17,1,0,0,1.672034058,1
3209,0,10.69745512,24,0,1,0,0.87626666,4
3210,0,17.53196238,24,0,1,0,0.859745288,1
3211,0,18.24970108,18,1,0,0,1.970600159,3
3212,1,5.319481293,12,0,0,1,2.268850734,0
3213,1,9.242809465,23,1,1,0,1.119441018,4
3214,1,10.9828803,10,0,0,1,2.370893097,1
3215,0,18.98224914,19,0,0,0,1.499701932,0
3216,1,19.97234638,18,0,1,0,1.87909846,1
3217,1,4.708144977,16,1,0,0,1.699348106,1
3218,0,14.53959743,4,0,0,1,3.36759116,1
3219,0,7.560621245,12,0,0,0,1.287818998,3
3220,1,0.162163938,29,0,0,0,0,1
3221,0,0.185050449,26,0,0,0,0.57640272,0
3222,0,9.211320151,19,1,0,1,1.992298847,1
3223,0,9.76669826,0,0,0,1,3.043931624,2
3224,0,0.451393931,9,0,0,0,1.756186168,4
3225,1,13.73854834,7,0,1,0,3.253785962,3
3226,0,5.880067772,23,0,1,1,1.093387571,2
3227,0,11.19786203,28,0,0,1,0.763471998,2
3228,0,6.018381463,7,0,0,0,2.297355586,0
3229,0,3.342686297,18,1,1,1,1.651156129,0
3230,0,8.143474772,5,1,1,0,2.827614868,3
3231,0,4.645467296,11,0,1,0,2.055772256,3
3232,0,10.69601954,27,1,1,0,0.769740612,4
3233,0,3.976570606,6,0,0,0,2.635693451,1
3234,1,10.16811953,15,0,0,0,1.933779809,3
3235,0,3.147570297,8,0,1,0,2.71575327,3
3236,1,13.41949419,20,0,1,0,1.325172784,1
3237,0,15.07875369,24,0,0,0,1.24509114,4
3238,0,2.207884685,21,1,0,0,1.333974103,0
3239,0,9.356048241,9,1,0,0,2.622327676,4
3240,0,1.417434013,9,0,0,1,2.407284043,1
3241,1,11.96364891,9,0,0,0,2.26616031,0
3242,0,5.288085959,19,1,1,0,1.760999679,0
3243,0,10.55248914,28,0,1,0,0.813017422,0
3244,1,10.34922019,15,0,1,1,2.192414534,4
3245,1,18.48708692,0,0,1,0,3.211743755,1
3246,0,10.98166445,16,0,0,0,1.278235666,4
3247,1,11.65996959,29,0,1,1,0.923831698,4
3248,1,8.033062515,25,1,1,0,1.325039017,2
3249,1,18.98159206,20,1,0,0,1.609410277,3
3250,0,15.54371819,28,0,1,0,1.262848732,4
3251,0,5.708105806,13,1,0,1,2.243593091,2
3252,0,16.88419172,18,0,1,0,1.557687965,1
3253,1,8.647927204,20,0,0,1,1.162574074,2
3254,0,16.57334287,20,1,0,0,1.680661182,4
3255,1,16.45776137,16,0,0,1,1.599424076,1
3256,0,3.777403735,13,0,0,0,1.273818176,2
3257,0,14.02282263,7,0,0,0,2.210289203,4
3258,1,5.812859386,20,1,0,0,1.008571903,1
3259,0,5.9498534,20,1,0,0,0.968725635,1
3260,1,5.926961538,8,1,0,0,2.681277359,3
3261,1,14.51136495,7,0,0,1,2.401373853,4
3262,0,4.596520836,12,1,1,0,2.376854346,3
3263,1,0.018116705,16,0,1,0,1.947676936,1
3264,0,14.30473707,18,1,1,0,1.779756126,1
3265,0,3.423694877,27,0,1,0,0.557548887,2
3266,1,2.089647906,6,0,0,1,2.795405809,3
3267,0,4.750322412,16,0,0,0,1.51476376,0
3268,1,7.598010446,0,1,0,0,3.040729613,4
3269,0,9.518126549,4,1,1,0,3.208461746,3
3270,0,0.891400814,24,0,1,0,0.621119928,1
3271,0,19.41146665,5,0,0,0,2.799669734,2
3272,0,14.32126107,25,1,0,0,1.302392884,4
3273,0,6.463881306,1,0,1,1,3.482452519,4
3274,1,6.373945146,26,1,0,1,1.252348589,2
3275,1,8.970850987,24,1,0,1,1.169745803,1
3276,1,12.52489646,15,0,1,1,2.284791447,0
3277,1,2.927461332,21,0,0,0,1.021019253,2
3278,1,3.778596275,4,0,1,0,2.897355004,0
3279,1,17.18869166,4,0,0,1,3.275903453,3
3280,0,5.125098478,11,0,1,1,2.430091199,4
3281,0,7.60389996,2,1,1,0,3.228448079,1
3282,1,17.42543702,29,0,0,0,0.214570091,0
3283,1,13.26295659,15,0,1,0,2.024030376,1
3284,0,6.834237587,5,0,1,0,3.034167439,3
3285,0,13.67399091,14,0,1,0,1.699825309,0
3286,0,0.393664308,14,1,0,1,2.095648191,1
3287,1,14.7128532,28,0,0,0,0.524213567,1
3288,1,9.74032081,15,0,0,0,1.302641404,3
3289,1,16.26364295,19,1,1,0,2.137124411,2
3290,0,19.09275304,12,0,1,0,2.422276094,3
3291,0,18.51577099,11,0,0,0,2.569614181,0
3292,1,18.18530087,9,0,0,1,2.702958618,0
3293,1,10.24339912,13,1,1,1,2.3116705,4
3294,0,7.202842283,1,0,0,1,3.384992089,1
3295,0,9.300706495,28,1,0,0,0.390755887,0
3296,0,13.79792007,2,1,0,0,3.597766084,2
3297,0,17.67995554,8,0,0,1,2.275665113,2
3298,1,4.13972606,10,0,1,0,2.710576701,3
3299,0,18.36386317,10,0,0,1,2.555975376,0
3300,0,16.30360464,24,0,0,1,1.027727966,0
3301,0,19.5771203,21,1,1,0,2.095691365,4
3302,1,17.60503547,9,0,0,0,2.380839869,4
3303,1,5.598746594,25,0,0,0,0.662078737,4
3304,0,2.119118227,13,1,1,0,1.996513116,0
3305,0,2.24482144,8,0,1,0,2.139864151,3
3306,0,5.824466372,19,0,0,1,1.361434707,3
3307,1,12.28367448,26,0,0,1,0.495859041,3
3308,1,16.08640652,20,0,0,0,1.287667357,3
3309,1,17.98500614,9,1,1,0,2.665075552,2
3310,0,12.47506769,21,0,0,0,0.954787542,0
3311,1,0.112626255,28,0,0,0,0,1
3312,0,3.72633553,8,0,0,0,2.316959974,0
3313,0,1.994524077,28,0,1,0,0.674362944,3
3314,0,7.266489511,4,0,0,0,2.536633782,2
3315,1,10.02701987,7,0,0,0,2.343331353,2
3316,0,0.867943572,10,1,0,0,2.240450838,0
3317,1,6.969559516,0,1,0,0,3.052640958,1
3318,1,3.583593493,20,0,1,0,0.953840685,3
3319,0,12.94140333,9,0,1,0,2.596111265,2
3320,0,9.285447386,0,0,1,0,4,3
3321,1,9.906352939,25,0,1,1,1.08238995,3
3322,0,8.553835761,29,0,0,1,0.528225551,3
3323,1,19.12039421,21,0,1,0,1.462746292,4
3324,0,4.294702502,6,0,0,0,2.006721725,3
3325,1,10.3332852,27,0,0,0,0.473300871,3
3326,1,14.72034737,13,1,1,0,2.378048945,1
3327,1,11.13688826,4,0,1,1,3.546432809,1
3328,1,18.58041771,16,1,1,0,2.288466675,4
3329,0,7.559367113,21,0,1,0,1.339935509,4
3330,0,9.273516115,25,0,1,0,0.813147627,3
3331,1,1.770446304,20,1,0,1,1.556106071,2
3332,1,12.17998222,5,0,1,1,3.262922355,2
3333,0,5.764239369,15,1,1,0,2.179357069,0
3334,0,3.20618079,10,0,1,1,2.220050547,2
3335,0,10.89062586,9,0,1,0,2.226513595,2
3336,0,10.64620527,14,0,0,0,1.565647848,1
3337,0,1.517432824,6,0,1,0,2.078777899,0
3338,0,13.96430907,22,1,0,0,1.562411262,0
3339,1,12.47544381,1,1,1,0,3.57294532,1
3340,0,3.780345655,11,1,0,1,2.073033167,2
3341,0,9.388697243,18,0,0,1,1.288937696,2
3342,1,14.40645833,11,0,0,0,2.547449606,0
3343,0,10.58871481,15,0,0,0,2.037768575,2
3344,0,7.909781524,5,0,0,0,2.915898133,0
3345,0,6.446769162,2,1,0,0,2.799063885,2
3346,0,12.20787733,1,0,0,1,3.250110011,3
3347,0,18.78217397,19,0,0,0,1.823323103,1
3348,1,13.43489681,4,0,0,0,2.992912336,4
3349,0,1.494918073,10,1,0,0,2.631736304,3
3350,1,9.21369947,25,1,1,0,0.932669739,2
3351,1,17.81648263,24,0,0,0,0.872209536,4
3352,0,1.889248516,2,0,0,1,2.45150244,3
3353,1,19.77751424,2,0,0,1,3.495949742,1
3354,0,18.98138787,21,0,0,0,1.088882482,4
3355,1,1.565489615,4,1,1,1,3.979420918,4
3356,1,18.66826641,21,0,0,1,1.52101349,1
3357,0,7.262651805,22,0,0,0,0.766257447,3
3358,0,16.89418334,10,0,0,0,2.471395779,4
3359,0,8.367666754,2,0,1,0,3.286585134,1
3360,0,8.817102254,12,1,1,0,2.121473442,3
3361,0,12.68486182,20,0,0,0,1.347633493,2
3362,1,15.48954839,7,0,0,0,2.462943118,0
3363,1,0.675783019,19,1,0,0,1.041028901,2
3364,1,11.86311991,9,0,1,0,2.669979035,2
3365,1,3.734659882,1,1,0,0,2.735041611,0
3366,1,6.918990357,3,0,0,0,2.742091794,2
3367,1,6.959373323,17,0,0,0,0.984294295,2
3368,1,9.381206804,18,0,0,0,1.454722898,1
3369,0,6.682728238,3,0,0,0,3.158592324,1
3370,0,2.147222369,19,0,0,0,1.06741085,3
3371,1,2.912574771,25,0,0,1,0.569419885,4
3372,1,0.668759711,8,0,0,0,1.934761727,3
3373,0,9.404981707,15,0,0,0,1.849103876,1
3374,0,19.0889539,25,0,0,0,0.825019641,1
3375,0,2.313504473,5,1,1,0,2.913898459,0
3376,0,18.92528986,24,0,1,0,1.164539166,0
3377,1,14.66723029,3,0,1,0,2.928219391,1
3378,0,12.74997606,8,1,1,1,2.652354813,2
3379,1,12.90555511,26,0,0,0,0.709353374,3
3380,1,16.53455297,12,0,0,0,2.50949123,1
3381,1,2.138397288,8,0,1,1,1.979379414,1
3382,0,10.09508647,5,0,0,0,2.956254524,0
3383,0,13.94182277,20,0,0,0,1.191929046,3
3384,1,11.7364089,18,1,0,0,1.810037823,3
3385,1,16.65558142,13,1,0,1,2.539112849,4
3386,1,1.44543418,20,0,1,1,1.395630675,1
3387,0,13.81402079,14,0,0,0,2.000084011,4
3388,1,10.68055461,2,0,1,0,3.455509411,0
3389,0,7.58321728,4,1,0,1,3.279149727,4
3390,1,6.805499645,20,0,0,0,1.14233288,2
3391,1,12.41665266,17,0,0,1,1.803296763,1
3392,1,17.81990749,13,0,0,0,2.140013878,1
